country_name,name,id,state_id
"'El Salvador'","'Verapaz'","'5bf4fafc-fd4a-450f-9780-a4ca76eca967'","'0b8ed57b-a7f6-4387-be30-71673112f8aa'"
"'El Salvador'","'Apastepeque'","'1277dc5a-e334-484e-8ba0-ca0e265f5840'","'0b8ed57b-a7f6-4387-be30-71673112f8aa'"
"'El Salvador'","'Guadalupe'","'89b124fd-f6f8-4659-8562-4f8fbbfa3fe5'","'0b8ed57b-a7f6-4387-be30-71673112f8aa'"
"'El Salvador'","'San Cayetano Istepeque'","'105c9cdf-60be-4a87-abfa-abc99bd42f1e'","'0b8ed57b-a7f6-4387-be30-71673112f8aa'"
"'El Salvador'","'San Esteban Catarina'","'a5447d96-e5fa-43fe-9654-adef042d6a47'","'0b8ed57b-a7f6-4387-be30-71673112f8aa'"
"'El Salvador'","'San Ildefonso'","'a6bf9942-ed72-4b1f-92cd-c9feb3870b8b'","'0b8ed57b-a7f6-4387-be30-71673112f8aa'"
"'El Salvador'","'San Lorenzo'","'ffa168ea-ca4d-4411-b9a3-565e10bdffa0'","'0b8ed57b-a7f6-4387-be30-71673112f8aa'"
"'El Salvador'","'San Sebastián'","'30f30486-9bc2-4bcb-a3f6-21236ecd208f'","'0b8ed57b-a7f6-4387-be30-71673112f8aa'"
"'El Salvador'","'Santa Clara'","'3a9481d1-18e6-4466-bc37-c4161ac21861'","'0b8ed57b-a7f6-4387-be30-71673112f8aa'"
"'El Salvador'","'Santo Domingo'","'aeb07cea-09b1-46f7-b474-85ff284170bd'","'0b8ed57b-a7f6-4387-be30-71673112f8aa'"
"'El Salvador'","'San Vicente'","'19d5009b-5d8e-4c90-afb3-6b0b83be5edd'","'0b8ed57b-a7f6-4387-be30-71673112f8aa'"
"'El Salvador'","'Tecoluca'","'5462f058-8996-427f-a111-d2781be87e72'","'0b8ed57b-a7f6-4387-be30-71673112f8aa'"
"'El Salvador'","'Tepetitán'","'9bc758f6-148a-4afb-9614-2a3dc7563014'","'0b8ed57b-a7f6-4387-be30-71673112f8aa'"
"'El Salvador'","'El Congo'","'30dd9d4b-c6ef-4a88-8da4-ecc01cfb8788'","'0edf3be5-19f5-4c4f-a7fc-58909e888c08'"
"'El Salvador'","'Chalchuapa'","'d7538458-3407-4e43-945b-e45f9eb772b9'","'0edf3be5-19f5-4c4f-a7fc-58909e888c08'"
"'El Salvador'","'Candelaria de la Frontera'","'63315957-6201-4114-abea-aa83ef58913e'","'0edf3be5-19f5-4c4f-a7fc-58909e888c08'"
"'El Salvador'","'Santa Ana'","'391c9f3a-6804-4b35-b856-7b4f0736dae8'","'0edf3be5-19f5-4c4f-a7fc-58909e888c08'"
"'El Salvador'","'Santa Rosa Guachipilín'","'17c43fe3-9184-4f80-9ea6-1d6146072a3e'","'0edf3be5-19f5-4c4f-a7fc-58909e888c08'"
"'El Salvador'","'Santa Rosa de Lima'","'d838d10a-6795-46e4-84aa-7d43a3a4382b'","'0edf3be5-19f5-4c4f-a7fc-58909e888c08'"
"'El Salvador'","'Tacachico'","'98f719da-2509-4ea7-a5f2-cb400d37c853'","'0edf3be5-19f5-4c4f-a7fc-58909e888c08'"
"'El Salvador'","'El Porvenir'","'07b193de-eff4-4817-bff7-e9d3f3073373'","'0edf3be5-19f5-4c4f-a7fc-58909e888c08'"
"'El Salvador'","'San Sebastián Salitrillo'","'d87a5bd9-4509-40e1-b6a5-f1dde766d8e3'","'0edf3be5-19f5-4c4f-a7fc-58909e888c08'"
"'El Salvador'","'San Juan Opico'","'c9ac1272-79c9-4758-a934-e11e8e966700'","'0edf3be5-19f5-4c4f-a7fc-58909e888c08'"
"'El Salvador'","'Metapán'","'642a53dc-0a98-489e-9140-1901b2baa9ae'","'0edf3be5-19f5-4c4f-a7fc-58909e888c08'"
"'El Salvador'","'Texistepeque'","'b5ac083e-8e67-4ebd-bb02-cb17adcb1d91'","'0edf3be5-19f5-4c4f-a7fc-58909e888c08'"
"'El Salvador'","'San Antonio Pajonal'","'0deef027-4ec5-43eb-a88b-b01ccadb5d14'","'0edf3be5-19f5-4c4f-a7fc-58909e888c08'"
"'United States of America'","'Winston-Salem'","'86dcff53-15e2-44b9-9d88-48f469477b8a'","'11b23e21-64ef-460b-a427-d0355cc47f47'"
"'United States of America'","'Durham'","'6d6878d5-697f-4eb4-806b-28e7127c4f13'","'11b23e21-64ef-460b-a427-d0355cc47f47'"
"'United States of America'","'Greensboro'","'dd3368e7-0832-4769-9125-074b99a68dc7'","'11b23e21-64ef-460b-a427-d0355cc47f47'"
"'United States of America'","'Raleigh'","'e277c98f-16f7-4d0b-ad1d-b74d97b366ad'","'11b23e21-64ef-460b-a427-d0355cc47f47'"
"'United States of America'","'Charlotte'","'506d04c2-0956-41a8-ac34-2720f4fa516d'","'11b23e21-64ef-460b-a427-d0355cc47f47'"
"'United States of America'","'Concord'","'3375cfd2-3cbb-4fb4-b805-897e83777dd3'","'11b23e21-64ef-460b-a427-d0355cc47f47'"
"'United States of America'","'High Point'","'7d4f87fc-71d1-49b2-b71e-b855077d7566'","'11b23e21-64ef-460b-a427-d0355cc47f47'"
"'United States of America'","'Wilmington'","'ea83b277-a438-49ac-b2a7-b40b53fdf2ad'","'11b23e21-64ef-460b-a427-d0355cc47f47'"
"'United States of America'","'Cary'","'d788cc89-6323-4233-b0f6-86798166e0ca'","'11b23e21-64ef-460b-a427-d0355cc47f47'"
"'United States of America'","'Fayetteville'","'49b89534-8a73-4123-b49d-4fdcfd2724a4'","'11b23e21-64ef-460b-a427-d0355cc47f47'"
"'United States of America'","'Traverse City'","'6db46283-302c-4a33-82c1-7a8065400860'","'13c8497d-1026-494e-80f5-007683e2e667'"
"'United States of America'","'Saginaw'","'af6d037d-fdec-414b-8d3c-7fec8b9aa34e'","'13c8497d-1026-494e-80f5-007683e2e667'"
"'United States of America'","'Muskegon'","'963c44b2-d60a-4aba-b1c1-36a52dde37a2'","'13c8497d-1026-494e-80f5-007683e2e667'"
"'United States of America'","'Kalamazoo'","'2120361e-8bfa-412b-af3e-aa7323eee8b0'","'13c8497d-1026-494e-80f5-007683e2e667'"
"'United States of America'","'Flint'","'a6eba45f-54e5-4e8a-9ed0-ca3062aa1b8d'","'13c8497d-1026-494e-80f5-007683e2e667'"
"'United States of America'","'Lansing'","'2e3bb493-4fd3-446e-a3e0-7441d1a68fdb'","'13c8497d-1026-494e-80f5-007683e2e667'"
"'United States of America'","'Ann Arbor'","'27fcf5a6-a965-4ae7-90ab-3c13f8d7d35f'","'13c8497d-1026-494e-80f5-007683e2e667'"
"'United States of America'","'Grand Rapids'","'73775420-ba96-4d8e-8357-d6e96d861992'","'13c8497d-1026-494e-80f5-007683e2e667'"
"'United States of America'","'Detroit'","'9a5da3d4-f2c3-4ac2-bd1c-597f444a4f96'","'13c8497d-1026-494e-80f5-007683e2e667'"
"'United States of America'","'Bay City'","'911a7f36-a7e5-4ac1-9384-2ad991ca0965'","'13c8497d-1026-494e-80f5-007683e2e667'"
"'United States of America'","'Davenport'","'bd1d54d7-1183-49fa-bf26-a4c6c64d0ca7'","'166ade2e-6fc4-41c0-8721-d844e627017f'"
"'United States of America'","'Sioux City'","'c3e56623-a25a-402f-a09d-1a5d5edf42f4'","'166ade2e-6fc4-41c0-8721-d844e627017f'"
"'United States of America'","'Iowa City'","'415c44f7-9a07-43d5-9209-622011888b09'","'166ade2e-6fc4-41c0-8721-d844e627017f'"
"'United States of America'","'Waterloo'","'6dc5526b-819e-4611-b5c5-e32dfaad80b2'","'166ade2e-6fc4-41c0-8721-d844e627017f'"
"'United States of America'","'Council Bluffs'","'2a34c1e6-ff7e-494c-b940-b99f9fd46e74'","'166ade2e-6fc4-41c0-8721-d844e627017f'"
"'United States of America'","'Ames'","'15171638-1ac8-4f44-8337-939bafe411ae'","'166ade2e-6fc4-41c0-8721-d844e627017f'"
"'United States of America'","'Dubuque'","'e7ac4db9-34e8-4026-970d-8e8367078d66'","'166ade2e-6fc4-41c0-8721-d844e627017f'"
"'United States of America'","'West Des Moines'","'892ebd8a-bccb-46cb-b728-ce416e830c43'","'166ade2e-6fc4-41c0-8721-d844e627017f'"
"'United States of America'","'Des Moines'","'2f495f58-1ba8-4b6d-b715-18ef255ca76b'","'166ade2e-6fc4-41c0-8721-d844e627017f'"
"'United States of America'","'Cedar Rapids'","'c30cf9b6-3f24-4aea-9fed-3e7cc4e3853b'","'166ade2e-6fc4-41c0-8721-d844e627017f'"
"'El Salvador'","'Victoria'","'02d365f7-7523-477f-ab67-54d09cb8b831'","'1a7bf2a3-57f7-4a8e-9abf-cae283987343'"
"'El Salvador'","'Dolores'","'e120cf1d-5d4a-4eb1-b97d-14618a980bb9'","'1a7bf2a3-57f7-4a8e-9abf-cae283987343'"
"'El Salvador'","'Guacotecti'","'79997c9c-e418-481e-b14e-3c83040e5904'","'1a7bf2a3-57f7-4a8e-9abf-cae283987343'"
"'El Salvador'","'San Isidro'","'57d0a744-6c68-4e94-bac1-b01ee0b86a95'","'1a7bf2a3-57f7-4a8e-9abf-cae283987343'"
"'El Salvador'","'Tejutepeque'","'f03389db-86f2-4fb0-b78f-f9acf61a3d6f'","'1a7bf2a3-57f7-4a8e-9abf-cae283987343'"
"'El Salvador'","'San Esteban Catarina'","'846a3553-c0ad-4566-92ea-a8317c6b5956'","'1a7bf2a3-57f7-4a8e-9abf-cae283987343'"
"'El Salvador'","'San José Acatempa'","'37b9861e-b803-4da8-916f-38b07be69bb6'","'1a7bf2a3-57f7-4a8e-9abf-cae283987343'"
"'El Salvador'","'Santiago de María'","'7ca632dd-1a7c-4951-8672-a3f7e8c3051a'","'1a7bf2a3-57f7-4a8e-9abf-cae283987343'"
"'El Salvador'","'Sensuntepeque'","'15487ac4-0dbb-46ad-9bd2-f95dc1f42a16'","'1a7bf2a3-57f7-4a8e-9abf-cae283987343'"
"'El Salvador'","'Ilobasco'","'a3043de4-aa57-4729-b435-80245cb2d157'","'1a7bf2a3-57f7-4a8e-9abf-cae283987343'"
"'United States of America'","'Manhattan'","'0cf0aa67-8821-4ed3-986a-b14764399dae'","'1d449fda-8e45-4017-8582-25ab27a58e55'"
"'United States of America'","'Salina'","'bab4a52e-ac28-42e2-a4d5-8b7fa5c0c48a'","'1d449fda-8e45-4017-8582-25ab27a58e55'"
"'United States of America'","'Lenexa'","'c9b0179c-921b-44cd-bbdc-b47eb932f8f4'","'1d449fda-8e45-4017-8582-25ab27a58e55'"
"'United States of America'","'Shawnee'","'1dd25298-a2b0-415d-a73c-4173078c5a1f'","'1d449fda-8e45-4017-8582-25ab27a58e55'"
"'United States of America'","'Lawrence'","'f19be99d-8abe-42a1-9440-63ea5471d203'","'1d449fda-8e45-4017-8582-25ab27a58e55'"
"'United States of America'","'Olathe'","'2815bd8c-8390-400b-a33f-390382c9ccb1'","'1d449fda-8e45-4017-8582-25ab27a58e55'"
"'United States of America'","'Topeka'","'7d767608-f050-40ea-a991-42347146c8ee'","'1d449fda-8e45-4017-8582-25ab27a58e55'"
"'United States of America'","'Kansas City'","'77fc2cdd-f731-474b-9103-12b7326a6f21'","'1d449fda-8e45-4017-8582-25ab27a58e55'"
"'United States of America'","'Overland Park'","'dec31eef-e7ef-4d3d-8dd8-24211fe8e121'","'1d449fda-8e45-4017-8582-25ab27a58e55'"
"'United States of America'","'Wichita'","'b2ed11dd-dc74-42ff-af1b-12672553f9cb'","'1d449fda-8e45-4017-8582-25ab27a58e55'"
"'United States of America'","'South Jordan'","'65e3f704-84cb-4e8e-967e-df164bb3c105'","'1e7ae2b4-b50e-4a5e-b5c0-39890b6317bc'"
"'United States of America'","'Salt Lake City'","'ccd36c00-80d1-413f-986e-229ebd1cf33b'","'1e7ae2b4-b50e-4a5e-b5c0-39890b6317bc'"
"'United States of America'","'West Valley City'","'79f883d2-a218-4d31-b7c1-a2769a6b2dfa'","'1e7ae2b4-b50e-4a5e-b5c0-39890b6317bc'"
"'United States of America'","'Provo'","'16fb0521-6430-492a-a378-e99b5858f203'","'1e7ae2b4-b50e-4a5e-b5c0-39890b6317bc'"
"'United States of America'","'West Jordan'","'65ccfa6b-07f7-40f2-a604-a1ad8186e1c7'","'1e7ae2b4-b50e-4a5e-b5c0-39890b6317bc'"
"'United States of America'","'Orem'","'03326168-455d-4ab6-8065-bf75387e2047'","'1e7ae2b4-b50e-4a5e-b5c0-39890b6317bc'"
"'United States of America'","'Sandy'","'d755e0b2-4a9e-40ce-ae49-cbfc9e708330'","'1e7ae2b4-b50e-4a5e-b5c0-39890b6317bc'"
"'United States of America'","'Ogden'","'66a6db36-6bcc-423d-8f42-eca6b80f6f62'","'1e7ae2b4-b50e-4a5e-b5c0-39890b6317bc'"
"'United States of America'","'St. George'","'b4243ec2-d7d9-4464-b506-98bf40ab797b'","'1e7ae2b4-b50e-4a5e-b5c0-39890b6317bc'"
"'United States of America'","'Layton'","'d41411dc-28f4-4137-bab4-f4cf71516337'","'1e7ae2b4-b50e-4a5e-b5c0-39890b6317bc'"
"'United States of America'","'Peoria'","'ab5c8bb7-9923-46b3-9c65-af0a25c57798'","'25fe5800-4eb0-4e05-9166-5c5206152117'"
"'United States of America'","'Surprise'","'a45c5d3f-a66a-401b-95e9-b80379cdad79'","'25fe5800-4eb0-4e05-9166-5c5206152117'"
"'United States of America'","'Phoenix'","'b1e984a7-2d37-40b7-8783-212614b52cfa'","'25fe5800-4eb0-4e05-9166-5c5206152117'"
"'United States of America'","'Tucson'","'56c1c9cc-a529-4b9d-8678-8de287baef9b'","'25fe5800-4eb0-4e05-9166-5c5206152117'"
"'United States of America'","'Mesa'","'567277cf-202e-4753-b101-e41d117a4003'","'25fe5800-4eb0-4e05-9166-5c5206152117'"
"'United States of America'","'Chandler'","'47feaf28-bfcd-4eb1-bb76-14e5f99ec5e8'","'25fe5800-4eb0-4e05-9166-5c5206152117'"
"'United States of America'","'Glendale'","'5f60e5d1-cf0b-4215-96cd-fa06dd1f46c9'","'25fe5800-4eb0-4e05-9166-5c5206152117'"
"'United States of America'","'Scottsdale'","'1884996a-5410-4212-9ba4-8d517366a473'","'25fe5800-4eb0-4e05-9166-5c5206152117'"
"'United States of America'","'Gilbert'","'be95d2a8-e313-4dac-bce9-36118b851df9'","'25fe5800-4eb0-4e05-9166-5c5206152117'"
"'United States of America'","'Tempe'","'ddfefd01-b133-4007-b2d0-4212bf5698cd'","'25fe5800-4eb0-4e05-9166-5c5206152117'"
"'United States of America'","'Pine Bluff'","'15909b50-ac02-4b95-9ccf-9a4e18eb785a'","'2d30e616-d572-466f-bfe1-01718d97a37a'"
"'United States of America'","'Little Rock'","'cf3cfec4-4be7-49f8-a416-b424362d24f6'","'2d30e616-d572-466f-bfe1-01718d97a37a'"
"'United States of America'","'Fort Smith'","'93e52ea5-a861-46fa-8c7e-df3b313a713d'","'2d30e616-d572-466f-bfe1-01718d97a37a'"
"'United States of America'","'Fayetteville'","'c5c4de59-7af9-46b9-8e04-5f56d71eb228'","'2d30e616-d572-466f-bfe1-01718d97a37a'"
"'United States of America'","'Springdale'","'53ca1b9c-49cd-4356-834f-16994a2880d2'","'2d30e616-d572-466f-bfe1-01718d97a37a'"
"'United States of America'","'Jonesboro'","'b29ac44a-2957-4410-8cbe-a4387ca8e6dc'","'2d30e616-d572-466f-bfe1-01718d97a37a'"
"'United States of America'","'North Little Rock'","'6d7de845-de9d-4190-9b8b-423cc25f2894'","'2d30e616-d572-466f-bfe1-01718d97a37a'"
"'United States of America'","'Conway'","'59629d71-d533-40b9-b986-687faa5e7743'","'2d30e616-d572-466f-bfe1-01718d97a37a'"
"'United States of America'","'Rogers'","'1d77c944-af15-4d28-bac6-fe8ea3a0ecf8'","'2d30e616-d572-466f-bfe1-01718d97a37a'"
"'United States of America'","'Bentonville'","'022a5aa6-7402-4bd1-a226-cf25fcd0ca19'","'2d30e616-d572-466f-bfe1-01718d97a37a'"
"'United States of America'","'Clovis'","'b46452f6-6a29-4e43-9d28-2e21a43fff29'","'2ed886c6-bb08-4361-aa45-54e6cde628ff'"
"'United States of America'","'Alamogordo'","'0f49404c-61d3-46dc-8360-98016e911fa7'","'2ed886c6-bb08-4361-aa45-54e6cde628ff'"
"'United States of America'","'Albuquerque'","'c63bbe83-01c9-4cc1-aa7f-840d196a0fa6'","'2ed886c6-bb08-4361-aa45-54e6cde628ff'"
"'United States of America'","'Santa Fe'","'170a52bb-0482-44a4-9dcc-afb927e5c691'","'2ed886c6-bb08-4361-aa45-54e6cde628ff'"
"'United States of America'","'Carlsbad'","'ef424fef-13bc-4eb4-9df9-a0133086b08d'","'2ed886c6-bb08-4361-aa45-54e6cde628ff'"
"'United States of America'","'Las Cruces'","'4dd2ac74-12c4-48e8-980c-d15ff9a14f98'","'2ed886c6-bb08-4361-aa45-54e6cde628ff'"
"'United States of America'","'Rio Rancho'","'ab9b6580-6e33-4a0b-97ba-68cda46cb937'","'2ed886c6-bb08-4361-aa45-54e6cde628ff'"
"'United States of America'","'Roswell'","'1e7681e5-9e2e-4aa4-b652-3723ef3dbef4'","'2ed886c6-bb08-4361-aa45-54e6cde628ff'"
"'United States of America'","'Farmington'","'e4f2448f-4559-40b2-91eb-d53645874e63'","'2ed886c6-bb08-4361-aa45-54e6cde628ff'"
"'United States of America'","'Hobbs'","'3903cc23-dced-4efb-9267-81a8991ae3f9'","'2ed886c6-bb08-4361-aa45-54e6cde628ff'"
"'United States of America'","'Smyrna'","'d53fd0f8-656f-4101-9065-d0c774279426'","'31422d13-b754-4374-b067-026c1692619c'"
"'United States of America'","'Wilmington'","'7f67900f-aab5-4cec-989d-01bafdae54b5'","'31422d13-b754-4374-b067-026c1692619c'"
"'United States of America'","'Dover'","'dfbc7f7a-0b0b-4d3a-be1e-28fd39b040e8'","'31422d13-b754-4374-b067-026c1692619c'"
"'United States of America'","'Newark'","'0a641410-e425-43fd-850f-35c0391a7c68'","'31422d13-b754-4374-b067-026c1692619c'"
"'United States of America'","'Middletown'","'256b4137-2626-4bc1-ad65-19de832037f3'","'31422d13-b754-4374-b067-026c1692619c'"
"'United States of America'","'Long Beach'","'c8140d5d-034c-4f28-8687-1f684ace3a59'","'3bc5304c-57f5-4632-89bf-1c16c702ba62'"
"'United States of America'","'Fresno'","'f57703d2-e8d4-44ca-ae20-08ccad0d795a'","'3bc5304c-57f5-4632-89bf-1c16c702ba62'"
"'United States of America'","'Oakland'","'8fee6297-3d4e-4b97-8efc-0fed6101afd1'","'3bc5304c-57f5-4632-89bf-1c16c702ba62'"
"'United States of America'","'Sacramento'","'9a875bef-e743-4f90-a92f-91cde5258073'","'3bc5304c-57f5-4632-89bf-1c16c702ba62'"
"'United States of America'","'San Jose'","'03c5fa01-80cf-45ef-b411-64316c3f5f77'","'3bc5304c-57f5-4632-89bf-1c16c702ba62'"
"'United States of America'","'San Diego'","'b79427c2-e35b-451c-829f-93651051db90'","'3bc5304c-57f5-4632-89bf-1c16c702ba62'"
"'United States of America'","'Los Angeles'","'5165dfd4-4980-48e7-8b26-0f273a1a5192'","'3bc5304c-57f5-4632-89bf-1c16c702ba62'"
"'United States of America'","'San Francisco'","'1841d7b2-7be1-45f9-92b4-10295004f3a9'","'3bc5304c-57f5-4632-89bf-1c16c702ba62'"
"'United States of America'","'Anaheim'","'196cdcea-73f1-47c3-8ff6-705744effc43'","'3bc5304c-57f5-4632-89bf-1c16c702ba62'"
"'United States of America'","'Santa Ana'","'bb1e3736-d2f3-40e6-98e0-2017fa9be47e'","'3bc5304c-57f5-4632-89bf-1c16c702ba62'"
"'United States of America'","'Nampa'","'0b10593d-c796-4cfc-808e-73b7f812689c'","'3df4bfe6-7f84-4921-88b5-f02aa88db6eb'"
"'United States of America'","'Boise'","'ebd5b87e-9046-46a1-8fc8-c29dfce8259b'","'3df4bfe6-7f84-4921-88b5-f02aa88db6eb'"
"'United States of America'","'Moscow'","'d3b597dd-dde2-4a17-a752-2a013ca1e408'","'3df4bfe6-7f84-4921-88b5-f02aa88db6eb'"
"'United States of America'","'Caldwell'","'3c6666a5-bade-4535-9d0b-c9295c6d3a37'","'3df4bfe6-7f84-4921-88b5-f02aa88db6eb'"
"'United States of America'","'Lewiston'","'31a5b99f-94e5-4fa3-9c03-e332fd324829'","'3df4bfe6-7f84-4921-88b5-f02aa88db6eb'"
"'United States of America'","'Twin Falls'","'4894dfff-76a3-4df0-8e93-8e0388c019cc'","'3df4bfe6-7f84-4921-88b5-f02aa88db6eb'"
"'United States of America'","'Coeur d'Alene'","'b14f951b-bdec-4a40-98d4-adb7c11958d2'","'3df4bfe6-7f84-4921-88b5-f02aa88db6eb'"
"'United States of America'","'Pocatello'","'a916b230-5144-4dd9-ab06-28ad61eecddb'","'3df4bfe6-7f84-4921-88b5-f02aa88db6eb'"
"'United States of America'","'Idaho Falls'","'a50211b4-3364-4d22-8ce1-71b7411b13d7'","'3df4bfe6-7f84-4921-88b5-f02aa88db6eb'"
"'United States of America'","'Meridian'","'af44439a-f91a-4d42-8da1-b370bd144b73'","'3df4bfe6-7f84-4921-88b5-f02aa88db6eb'"
"'United States of America'","'Peoria'","'b5fa6f33-6c3e-41e6-bd2a-ec2928adbebb'","'3fe30b52-39ea-4d55-95d5-0d13b9fa39b4'"
"'United States of America'","'Chicago'","'fd0c373f-b6bc-422e-b250-95f110efe93f'","'3fe30b52-39ea-4d55-95d5-0d13b9fa39b4'"
"'United States of America'","'Aurora'","'06fb1994-776d-43ae-a76e-5f055f247746'","'3fe30b52-39ea-4d55-95d5-0d13b9fa39b4'"
"'United States of America'","'Rockford'","'5283b2ab-e677-4f7b-bcb7-863edb7e4d52'","'3fe30b52-39ea-4d55-95d5-0d13b9fa39b4'"
"'United States of America'","'Joliet'","'507f4194-ace7-4ba4-8203-529180a25f6d'","'3fe30b52-39ea-4d55-95d5-0d13b9fa39b4'"
"'United States of America'","'Naperville'","'2d646545-155e-42c6-aac1-f0209ff36f19'","'3fe30b52-39ea-4d55-95d5-0d13b9fa39b4'"
"'United States of America'","'Springfield'","'89422533-86aa-44ec-a5f0-7bf8b401515c'","'3fe30b52-39ea-4d55-95d5-0d13b9fa39b4'"
"'United States of America'","'Elgin'","'2b44b08c-9a6e-4c4d-8adf-b2bf2100b0da'","'3fe30b52-39ea-4d55-95d5-0d13b9fa39b4'"
"'United States of America'","'Waukegan'","'ffe7bf94-e02e-46f0-a46b-37aead2c22e1'","'3fe30b52-39ea-4d55-95d5-0d13b9fa39b4'"
"'United States of America'","'Champaign'","'8982b721-945a-4dda-a48a-7e2cd42a29ad'","'3fe30b52-39ea-4d55-95d5-0d13b9fa39b4'"
"'United States of America'","'Annapolis'","'b4ca7518-d24e-4cbf-aea8-1bbe01ecb814'","'455bbc3a-8e93-462a-9918-069c89dea24c'"
"'United States of America'","'Rockville'","'67456f9f-1378-4305-97af-e3a92f58fce1'","'455bbc3a-8e93-462a-9918-069c89dea24c'"
"'United States of America'","'Frederick'","'fe112f2e-5a3d-44ea-92ce-7f8c32c121f1'","'455bbc3a-8e93-462a-9918-069c89dea24c'"
"'United States of America'","'Gaithersburg'","'307ef79f-d4d3-480a-a04b-e892c466ed58'","'455bbc3a-8e93-462a-9918-069c89dea24c'"
"'United States of America'","'Silver Spring'","'d31802bd-e63c-42c9-ab1a-c0e0180eab18'","'455bbc3a-8e93-462a-9918-069c89dea24c'"
"'United States of America'","'Columbia'","'5d376e4e-512f-4ec3-bd41-f5029d16d0d7'","'455bbc3a-8e93-462a-9918-069c89dea24c'"
"'United States of America'","'Baltimore'","'f80764a2-5b11-455d-a2cf-ca8ccb182bd8'","'455bbc3a-8e93-462a-9918-069c89dea24c'"
"'United States of America'","'Salisbury'","'4cf952b9-e334-4ff0-9f4c-3c704544071c'","'455bbc3a-8e93-462a-9918-069c89dea24c'"
"'United States of America'","'Towson'","'3959434f-cb92-4e3b-8c0e-f9111045deac'","'455bbc3a-8e93-462a-9918-069c89dea24c'"
"'United States of America'","'Bethesda'","'a997aab8-735f-46af-bfee-ca6b9d9c149e'","'455bbc3a-8e93-462a-9918-069c89dea24c'"
"'United States of America'","'Evansville'","'27179ea8-9901-4025-b7fd-352baf8c6000'","'465bdd1b-70ea-4e14-b892-8e92d982cd1e'"
"'United States of America'","'Fort Wayne'","'855dd5ff-0237-4ceb-8641-c6c0e34a8c70'","'465bdd1b-70ea-4e14-b892-8e92d982cd1e'"
"'United States of America'","'Bloomington'","'ec52da03-f107-4042-ac6d-0dc6c8cca2fc'","'465bdd1b-70ea-4e14-b892-8e92d982cd1e'"
"'United States of America'","'Indianapolis'","'713e9e34-5ccd-47a6-99a4-2fa1a9075307'","'465bdd1b-70ea-4e14-b892-8e92d982cd1e'"
"'United States of America'","'Fishers'","'6578d77f-935b-4c77-9531-71e57a3a7b46'","'465bdd1b-70ea-4e14-b892-8e92d982cd1e'"
"'United States of America'","'Carmel'","'2229a372-e3a8-46f7-91f4-b1fc0a5f42e9'","'465bdd1b-70ea-4e14-b892-8e92d982cd1e'"
"'United States of America'","'South Bend'","'643126e0-ec81-44e1-a563-dcbfd89a6a19'","'465bdd1b-70ea-4e14-b892-8e92d982cd1e'"
"'United States of America'","'Lafayette'","'6e5c60c1-b164-4993-a8d7-31a3c55121d3'","'465bdd1b-70ea-4e14-b892-8e92d982cd1e'"
"'United States of America'","'Gary'","'ea7b24c2-c6a0-46e8-b4d3-ad484d1fb59f'","'465bdd1b-70ea-4e14-b892-8e92d982cd1e'"
"'United States of America'","'Hammond'","'f28d8da5-9c11-4a92-8351-1796e679dfd2'","'465bdd1b-70ea-4e14-b892-8e92d982cd1e'"
"'United States of America'","'Murfreesboro'","'f5ccb930-a344-4580-a948-b8fda64db573'","'4cb87091-0b56-4b51-91b6-a345fbdef764'"
"'United States of America'","'Memphis'","'6f2160be-1168-426b-8ee9-22fc82281981'","'4cb87091-0b56-4b51-91b6-a345fbdef764'"
"'United States of America'","'Nashville'","'fd4206d2-417d-49e1-9ca4-1172be780865'","'4cb87091-0b56-4b51-91b6-a345fbdef764'"
"'United States of America'","'Hendersonville'","'6854398f-e9dc-4975-b818-1f82cb7ccf2c'","'4cb87091-0b56-4b51-91b6-a345fbdef764'"
"'United States of America'","'Jackson'","'f31750b7-b8f4-4b4d-acbe-b80d116bcd01'","'4cb87091-0b56-4b51-91b6-a345fbdef764'"
"'United States of America'","'Johnson City'","'62118420-4417-4302-8447-764c40447189'","'4cb87091-0b56-4b51-91b6-a345fbdef764'"
"'United States of America'","'Franklin'","'5727dd6e-fdec-4b58-b90a-c28fe4c341b3'","'4cb87091-0b56-4b51-91b6-a345fbdef764'"
"'United States of America'","'Clarksville'","'4ae8f038-d1a2-4faf-87ea-ee43ad078521'","'4cb87091-0b56-4b51-91b6-a345fbdef764'"
"'United States of America'","'Chattanooga'","'09ec92c4-9484-4c05-bc18-a77b4d357a7e'","'4cb87091-0b56-4b51-91b6-a345fbdef764'"
"'United States of America'","'Knoxville'","'e95bdd83-dfa9-45f8-8da9-370b9a733df2'","'4cb87091-0b56-4b51-91b6-a345fbdef764'"
"'United States of America'","'New Rochelle'","'ac4436cc-f106-4f4c-9d5a-66e3fcaae171'","'51ecf03c-aaa8-41ac-9c10-0f1fedcecde3'"
"'United States of America'","'Yonkers'","'a566244e-3efa-4abc-a315-3fffecaa062f'","'51ecf03c-aaa8-41ac-9c10-0f1fedcecde3'"
"'United States of America'","'Rochester'","'b2a8b4e3-ff65-4e4f-a4a8-e607ed7df26a'","'51ecf03c-aaa8-41ac-9c10-0f1fedcecde3'"
"'United States of America'","'Buffalo'","'ef3239af-6223-4ae3-932e-9ddf12b2c765'","'51ecf03c-aaa8-41ac-9c10-0f1fedcecde3'"
"'United States of America'","'New York City'","'3a73d6ba-973b-4108-a5e8-0be9b781f72b'","'51ecf03c-aaa8-41ac-9c10-0f1fedcecde3'"
"'United States of America'","'Schenectady'","'d5bdd73c-3469-4b59-8464-6a235ec7d32a'","'51ecf03c-aaa8-41ac-9c10-0f1fedcecde3'"
"'United States of America'","'Utica'","'e2bdba49-59c2-41d2-bf37-bba86583cb97'","'51ecf03c-aaa8-41ac-9c10-0f1fedcecde3'"
"'United States of America'","'Mount Vernon'","'7437f076-817c-48b6-9d63-db5fa0ff66f9'","'51ecf03c-aaa8-41ac-9c10-0f1fedcecde3'"
"'United States of America'","'Syracuse'","'800128ee-6450-42fc-b1d5-7fbcefd8b227'","'51ecf03c-aaa8-41ac-9c10-0f1fedcecde3'"
"'United States of America'","'Albany'","'310ee943-a3ca-462c-951a-77893f668499'","'51ecf03c-aaa8-41ac-9c10-0f1fedcecde3'"
"'United States of America'","'Eau Claire'","'facff269-4e69-4f32-8d9b-454c93c517a6'","'55104f79-7808-4936-80b5-69f61b3397b0'"
"'United States of America'","'Janesville'","'8df28961-f90b-4802-8305-839a2b14188c'","'55104f79-7808-4936-80b5-69f61b3397b0'"
"'United States of America'","'Madison'","'e3bc77d7-a571-43d6-82d8-f2497a8cd83e'","'55104f79-7808-4936-80b5-69f61b3397b0'"
"'United States of America'","'Green Bay'","'bce5740f-2c8e-44e8-82de-ed0245927361'","'55104f79-7808-4936-80b5-69f61b3397b0'"
"'United States of America'","'Appleton'","'d5efbce1-defd-4650-9355-422889e7d47f'","'55104f79-7808-4936-80b5-69f61b3397b0'"
"'United States of America'","'Racine'","'fa9db8cd-d6e9-444f-82eb-e63020f63d6d'","'55104f79-7808-4936-80b5-69f61b3397b0'"
"'United States of America'","'Kenosha'","'6d81c28f-54ff-49dc-ae02-2411d3993bf8'","'55104f79-7808-4936-80b5-69f61b3397b0'"
"'United States of America'","'Milwaukee'","'208d8c5d-c2f7-4a38-a512-b5b323d4f253'","'55104f79-7808-4936-80b5-69f61b3397b0'"
"'United States of America'","'Waukesha'","'ef0a88a5-fa30-49ef-a423-4e3d9e379e01'","'55104f79-7808-4936-80b5-69f61b3397b0'"
"'United States of America'","'Oshkosh'","'ec657fec-96f6-44f3-9fd1-9eaa00b0af8f'","'55104f79-7808-4936-80b5-69f61b3397b0'"
"'United States of America'","'Rapid City'","'6f8ce4a4-867a-4f30-9550-bbd2c7c3356e'","'5f5c2aaf-ec02-426b-86eb-47c416f27b5f'"
"'United States of America'","'Aberdeen'","'7bb01698-1d8d-4ee5-925a-e61b84af8b24'","'5f5c2aaf-ec02-426b-86eb-47c416f27b5f'"
"'United States of America'","'Brookings'","'4b56ff49-ee1a-4ecb-a589-da0ce01b8fa4'","'5f5c2aaf-ec02-426b-86eb-47c416f27b5f'"
"'United States of America'","'Watertown'","'29d46653-9dc6-4d36-8ae1-00f87fd001bf'","'5f5c2aaf-ec02-426b-86eb-47c416f27b5f'"
"'United States of America'","'Sioux Falls'","'d0bbf387-9c4e-409a-a893-f25ec218002d'","'5f5c2aaf-ec02-426b-86eb-47c416f27b5f'"
"'United States of America'","'Martinsburg'","'85252b72-d72c-462b-b220-36216ad2cb98'","'61d05283-a4f3-42c1-a857-f14ad61882ba'"
"'United States of America'","'South Charleston'","'0395996e-3045-43ac-81f3-e1d07dc6056f'","'61d05283-a4f3-42c1-a857-f14ad61882ba'"
"'United States of America'","'Clarksburg'","'1bca8866-387c-4e7f-891d-44133e703d5a'","'61d05283-a4f3-42c1-a857-f14ad61882ba'"
"'United States of America'","'Beckley'","'4668efc9-f7a8-4a10-a49d-ab8521af9fcc'","'61d05283-a4f3-42c1-a857-f14ad61882ba'"
"'United States of America'","'Fairmont'","'294f4bf7-21f4-4065-81b5-655bd0f489b5'","'61d05283-a4f3-42c1-a857-f14ad61882ba'"
"'United States of America'","'Wheeling'","'18939ea5-3c27-4f31-9603-0282fd4549d3'","'61d05283-a4f3-42c1-a857-f14ad61882ba'"
"'United States of America'","'Charleston'","'8c0889ad-6729-4cf1-aba2-56d9e4d79f94'","'61d05283-a4f3-42c1-a857-f14ad61882ba'"
"'United States of America'","'Huntington'","'a1228b7d-8e32-4831-8246-98530405fb17'","'61d05283-a4f3-42c1-a857-f14ad61882ba'"
"'United States of America'","'Parkersburg'","'836f5f96-afc4-442d-946c-5b147bae5eea'","'61d05283-a4f3-42c1-a857-f14ad61882ba'"
"'United States of America'","'Morgantown'","'5fe14fd7-8b94-4305-9905-fdc982ee8838'","'61d05283-a4f3-42c1-a857-f14ad61882ba'"
"'United States of America'","'Auburn'","'f3547f27-00bf-48be-8cbd-f84ec1b16850'","'6346d23d-a2f6-4551-bda4-248f9bb41e0e'"
"'United States of America'","'Dothan'","'53692003-f324-4d70-95e1-bab82d637504'","'6346d23d-a2f6-4551-bda4-248f9bb41e0e'"
"'United States of America'","'Hoover'","'300e8175-0573-4608-8409-61e47892696f'","'6346d23d-a2f6-4551-bda4-248f9bb41e0e'"
"'United States of America'","'Tuscaloosa'","'3e8664ab-91f6-4dd0-a142-de7db20b28f5'","'6346d23d-a2f6-4551-bda4-248f9bb41e0e'"
"'United States of America'","'Huntsville'","'91e4278b-933e-4354-a8fc-7c0de2dfd7c4'","'6346d23d-a2f6-4551-bda4-248f9bb41e0e'"
"'United States of America'","'Mobile'","'73b71167-cef1-49e6-ab36-5751a55d903c'","'6346d23d-a2f6-4551-bda4-248f9bb41e0e'"
"'United States of America'","'Montgomery'","'534372ff-5f00-44b6-866d-9ab03d9e5106'","'6346d23d-a2f6-4551-bda4-248f9bb41e0e'"
"'United States of America'","'Birmingham'","'46321fdb-dc50-4675-8af2-210f87a00b75'","'6346d23d-a2f6-4551-bda4-248f9bb41e0e'"
"'United States of America'","'Madison'","'5f650eb9-2bb7-4167-adb1-a27e4f2468bc'","'6346d23d-a2f6-4551-bda4-248f9bb41e0e'"
"'United States of America'","'Decatur'","'3fa54fb0-4f52-40c0-86d7-73b8bf6150ec'","'6346d23d-a2f6-4551-bda4-248f9bb41e0e'"
"'El Salvador'","'El Rosario'","'61219c02-b00d-4400-8091-4d541c3db42b'","'63b1ffba-d89b-4ae7-b673-b43dfbd3a904'"
"'El Salvador'","'Cojutepeque'","'30a79537-1fa4-477b-b23e-d7a132e2fa69'","'63b1ffba-d89b-4ae7-b673-b43dfbd3a904'"
"'El Salvador'","'Tenancingo'","'7a103813-3923-4e91-8105-b88260d63fcb'","'63b1ffba-d89b-4ae7-b673-b43dfbd3a904'"
"'El Salvador'","'Suchitoto'","'28491269-80a4-4cc8-84fb-867189d1e60a'","'63b1ffba-d89b-4ae7-b673-b43dfbd3a904'"
"'El Salvador'","'Santa Cruz Michapa'","'8d778a48-260f-458d-bd6d-976b1e50bd63'","'63b1ffba-d89b-4ae7-b673-b43dfbd3a904'"
"'El Salvador'","'Santa Cruz Analquito'","'4848df9b-5cab-448d-a20f-eaf35417f8ba'","'63b1ffba-d89b-4ae7-b673-b43dfbd3a904'"
"'El Salvador'","'San Ramón'","'1bb14657-a0b5-406f-9019-f558bdb96198'","'63b1ffba-d89b-4ae7-b673-b43dfbd3a904'"
"'El Salvador'","'San Rafael Cedros'","'0568caf0-6049-4c9e-a73c-f8d8431a7a46'","'63b1ffba-d89b-4ae7-b673-b43dfbd3a904'"
"'El Salvador'","'San Pedro Perulapán'","'e04ba890-6ebb-4cf6-8d9e-57bea78d1857'","'63b1ffba-d89b-4ae7-b673-b43dfbd3a904'"
"'El Salvador'","'San José Guayabal'","'02f3f384-e207-4765-9f38-27583050b205'","'63b1ffba-d89b-4ae7-b673-b43dfbd3a904'"
"'El Salvador'","'San Cristóbal'","'0d263dc2-04d2-45f2-9eb0-2f5571f30190'","'63b1ffba-d89b-4ae7-b673-b43dfbd3a904'"
"'El Salvador'","'San Bartolomé Perulapía'","'604870bc-184e-4d6c-9b9c-a5418f2c712f'","'63b1ffba-d89b-4ae7-b673-b43dfbd3a904'"
"'El Salvador'","'Oratorio de Concepción'","'e7164536-46e8-4216-b698-011ec61bfe03'","'63b1ffba-d89b-4ae7-b673-b43dfbd3a904'"
"'El Salvador'","'Monte San Juan'","'e4c4ab0a-69ca-482f-86aa-6491990fdfd4'","'63b1ffba-d89b-4ae7-b673-b43dfbd3a904'"
"'El Salvador'","'Candelaria'","'3a60e58f-6b46-412f-bc5b-a4db1336a777'","'63b1ffba-d89b-4ae7-b673-b43dfbd3a904'"
"'El Salvador'","'El Carmen'","'374cfe67-cc94-4b68-a8f1-6ab08d8a52e6'","'63b1ffba-d89b-4ae7-b673-b43dfbd3a904'"
"'El Salvador'","'Intipucá'","'6d6b81a9-3ec9-4ad1-8d7c-24697e0c6d70'","'63dfba24-120d-4ada-9843-e30113714bef'"
"'El Salvador'","'El Sauce'","'370d6e49-433c-4f55-983f-deee3825b4d6'","'63dfba24-120d-4ada-9843-e30113714bef'"
"'El Salvador'","'La Unión'","'c5f1a9ce-00e5-4bba-b04f-7ecab0b10a1e'","'63dfba24-120d-4ada-9843-e30113714bef'"
"'El Salvador'","'El Carmen'","'fd7531cf-54a1-413d-97f5-959b12d55387'","'63dfba24-120d-4ada-9843-e30113714bef'"
"'El Salvador'","'Conchagua'","'1f085a4e-2e71-4694-9f93-f91c5fb298cc'","'63dfba24-120d-4ada-9843-e30113714bef'"
"'El Salvador'","'Concepción de Oriente'","'2f123cfa-d33e-4430-b734-13e47ab8e6eb'","'63dfba24-120d-4ada-9843-e30113714bef'"
"'El Salvador'","'Bolívar'","'b858e062-d83a-4c8a-aac4-0fb1ec14a023'","'63dfba24-120d-4ada-9843-e30113714bef'"
"'El Salvador'","'Anamorós'","'fbe59ed3-7271-46d7-a625-15dc9bc39e41'","'63dfba24-120d-4ada-9843-e30113714bef'"
"'El Salvador'","'Polorós'","'57d262ad-e1e5-4e7c-87fc-cce7e7cf30a7'","'63dfba24-120d-4ada-9843-e30113714bef'"
"'El Salvador'","'Pasaquina'","'d18fc7bb-0395-44fb-852d-b8cf932e9141'","'63dfba24-120d-4ada-9843-e30113714bef'"
"'El Salvador'","'Nueva Esparta'","'0e16397a-d811-4108-88a3-8f8905328f50'","'63dfba24-120d-4ada-9843-e30113714bef'"
"'El Salvador'","'Meanguera del Golfo'","'ed598534-d501-4a48-8414-107ded7319ec'","'63dfba24-120d-4ada-9843-e30113714bef'"
"'El Salvador'","'Lislique'","'6b8a34a3-707c-4a71-9701-794566e7dff8'","'63dfba24-120d-4ada-9843-e30113714bef'"
"'El Salvador'","'Yucuaiquín'","'773dfdfb-a20b-4c0f-94e7-52186f0cc1e2'","'63dfba24-120d-4ada-9843-e30113714bef'"
"'El Salvador'","'Yayantique'","'671b83a9-affe-46b8-be5c-0d72a8e79df7'","'63dfba24-120d-4ada-9843-e30113714bef'"
"'El Salvador'","'Santa Rosa de Lima'","'e2911d85-e9ac-431e-b6a6-6c19c60ab216'","'63dfba24-120d-4ada-9843-e30113714bef'"
"'El Salvador'","'San José'","'022ee9f1-18a7-4bf3-85b6-568b9e83c31b'","'63dfba24-120d-4ada-9843-e30113714bef'"
"'El Salvador'","'San Alejo'","'4615b2dd-5bb6-4219-bc65-01f759461245'","'63dfba24-120d-4ada-9843-e30113714bef'"
"'United States of America'","'Rock Springs'","'7ef5d1b5-3d0d-4b45-9188-911d37092bc8'","'642807d8-b3ab-4686-9e1e-436f3ce8304e'"
"'United States of America'","'Gillette'","'9e889265-94d7-4263-866b-0249944b9c2a'","'642807d8-b3ab-4686-9e1e-436f3ce8304e'"
"'United States of America'","'Laramie'","'0a749b8d-e1ab-4aad-96d5-57672c056925'","'642807d8-b3ab-4686-9e1e-436f3ce8304e'"
"'United States of America'","'Casper'","'ee76bcbe-3065-47ea-bd66-2c69cee6c3b0'","'642807d8-b3ab-4686-9e1e-436f3ce8304e'"
"'United States of America'","'Cheyenne'","'01bf84e1-4663-4f5f-b469-69b4fa8b9c8e'","'642807d8-b3ab-4686-9e1e-436f3ce8304e'"
"'United States of America'","'Fort Lauderdale'","'8891ffdf-f345-4137-942d-5fa0fb19c90d'","'643dedfd-c2cd-4958-9ac4-f354a9fed260'"
"'United States of America'","'Fort Myers'","'959c8d27-0d06-46fa-991e-0e5f7ce58486'","'643dedfd-c2cd-4958-9ac4-f354a9fed260'"
"'United States of America'","'Naples'","'6378ebdc-e9fc-4ec2-940f-061049ac2eb4'","'643dedfd-c2cd-4958-9ac4-f354a9fed260'"
"'United States of America'","'Key West'","'6797ebc0-d313-4c88-9ce2-3ae8bbdd0958'","'643dedfd-c2cd-4958-9ac4-f354a9fed260'"
"'United States of America'","'St. Petersburg'","'8cd412a7-b0ee-477f-bab2-69de76ee8c76'","'643dedfd-c2cd-4958-9ac4-f354a9fed260'"
"'United States of America'","'Tallahassee'","'98ec4238-250f-4a4f-8a11-38a96edabd0d'","'643dedfd-c2cd-4958-9ac4-f354a9fed260'"
"'United States of America'","'Jacksonville'","'31dc7234-e4d1-427d-a6de-1e5cd2ef183f'","'643dedfd-c2cd-4958-9ac4-f354a9fed260'"
"'United States of America'","'Tampa'","'e4442908-0797-41c6-bb60-7bcc6ba1351d'","'643dedfd-c2cd-4958-9ac4-f354a9fed260'"
"'United States of America'","'Orlando'","'8fb20e98-19a4-43bd-aacb-256081b1eb52'","'643dedfd-c2cd-4958-9ac4-f354a9fed260'"
"'United States of America'","'Miami'","'76fcfa3f-54a4-49ef-9518-49972f9c8711'","'643dedfd-c2cd-4958-9ac4-f354a9fed260'"
"'United States of America'","'Kaneohe'","'2001e53e-f084-4e01-9a68-b7c2dca9031c'","'65f30f52-f1c7-44a0-add6-cf853b294c19'"
"'United States of America'","'Waipahu'","'40627eda-6e99-4f02-9d54-ad3386cdaeb9'","'65f30f52-f1c7-44a0-add6-cf853b294c19'"
"'United States of America'","'Pearl City'","'aef2015b-b7c4-490c-984b-f79518a35c5e'","'65f30f52-f1c7-44a0-add6-cf853b294c19'"
"'United States of America'","'Mililani'","'72d63545-603a-485d-a0e7-8e04495bb71a'","'65f30f52-f1c7-44a0-add6-cf853b294c19'"
"'United States of America'","'Kahului'","'4d801645-36a1-4463-9e4d-c491dd90359a'","'65f30f52-f1c7-44a0-add6-cf853b294c19'"
"'United States of America'","'Kihei'","'93565c52-2d1f-4727-b32e-06a979e7b63d'","'65f30f52-f1c7-44a0-add6-cf853b294c19'"
"'United States of America'","'Lahaina'","'b8cdf1fe-4bd5-4884-9c21-51a2ccf916e9'","'65f30f52-f1c7-44a0-add6-cf853b294c19'"
"'United States of America'","'Honolulu'","'e964b73a-cf3c-42ff-89d1-041d2f1ce7c3'","'65f30f52-f1c7-44a0-add6-cf853b294c19'"
"'United States of America'","'Hilo'","'246ab24f-c3f6-47da-a083-8558a9507fd2'","'65f30f52-f1c7-44a0-add6-cf853b294c19'"
"'United States of America'","'Kailua'","'fc11f6bf-1071-44f6-a192-dfabe100ff13'","'65f30f52-f1c7-44a0-add6-cf853b294c19'"
"'El Salvador'","'El Paraíso'","'fb211b30-fa3b-40ba-97bc-24c8faac0909'","'670061f7-b065-49df-9835-d26f648992c6'"
"'El Salvador'","'La Laguna'","'09f85e3f-d9ef-45d7-a54d-e8ffa5afdd46'","'670061f7-b065-49df-9835-d26f648992c6'"
"'El Salvador'","'La Palma'","'5ff979c4-12c3-473f-b9f3-aefd962a9191'","'670061f7-b065-49df-9835-d26f648992c6'"
"'El Salvador'","'La Reina'","'ea8fd724-0b55-46ad-a28c-d10d73de57d8'","'670061f7-b065-49df-9835-d26f648992c6'"
"'El Salvador'","'Las Vueltas'","'2beea9c2-792e-44e7-92f0-6ee0cdb0fa37'","'670061f7-b065-49df-9835-d26f648992c6'"
"'El Salvador'","'Nombre de Jesús'","'8407598f-e6c6-4dfe-b5ca-469c89448557'","'670061f7-b065-49df-9835-d26f648992c6'"
"'El Salvador'","'Nueva Concepción'","'51838c06-5bc0-493f-8e49-0c28c5ed135e'","'670061f7-b065-49df-9835-d26f648992c6'"
"'El Salvador'","'Nueva Trinidad'","'429d4a08-f770-409a-86ae-2ee138beaa80'","'670061f7-b065-49df-9835-d26f648992c6'"
"'El Salvador'","'Ojos de Agua'","'f6efd87d-01d9-4619-a001-6f40248ac547'","'670061f7-b065-49df-9835-d26f648992c6'"
"'El Salvador'","'Potonico'","'470ccfb5-78c0-49f8-9a7a-fbf4836ce4ce'","'670061f7-b065-49df-9835-d26f648992c6'"
"'El Salvador'","'San Antonio de la Cruz'","'86ae6ec1-2e22-465a-9bb0-05abb2a72b53'","'670061f7-b065-49df-9835-d26f648992c6'"
"'El Salvador'","'San Antonio Los Ranchos'","'3d90c439-55b4-4d9a-b454-4206155c97fc'","'670061f7-b065-49df-9835-d26f648992c6'"
"'El Salvador'","'San Fernando'","'b4996655-a4f7-4a7f-9360-de6f0d2cc3ba'","'670061f7-b065-49df-9835-d26f648992c6'"
"'El Salvador'","'San Francisco Lempa'","'5f7cd0f6-c629-4f2a-8832-ad86213ddbea'","'670061f7-b065-49df-9835-d26f648992c6'"
"'El Salvador'","'Tejutla'","'74186400-2cc8-4bb5-bf3a-d4486f3ed96c'","'670061f7-b065-49df-9835-d26f648992c6'"
"'El Salvador'","'Santa Rita'","'dc823799-19d6-4fe9-9c09-29d259a0c643'","'670061f7-b065-49df-9835-d26f648992c6'"
"'El Salvador'","'San Francisco Morazán'","'c47305e8-493c-499b-bba8-af7feda0f2b6'","'670061f7-b065-49df-9835-d26f648992c6'"
"'El Salvador'","'San Miguel de Mercedes'","'14ec16b4-f4c4-4694-9b47-ed101affc7b0'","'670061f7-b065-49df-9835-d26f648992c6'"
"'El Salvador'","'San Luis del Carmen'","'a2734a62-c033-4a6f-9360-713e8570f31b'","'670061f7-b065-49df-9835-d26f648992c6'"
"'El Salvador'","'San José Las Flores'","'1d7049c6-c914-4dc7-b796-d3926983d57b'","'670061f7-b065-49df-9835-d26f648992c6'"
"'El Salvador'","'San José Cancasque'","'448a70c5-dcaf-473d-a5cc-eebaeb099ef9'","'670061f7-b065-49df-9835-d26f648992c6'"
"'El Salvador'","'San Isidro Labrador'","'8d0b0ac2-fed7-4cf4-aa0a-6398fb8c5a9b'","'670061f7-b065-49df-9835-d26f648992c6'"
"'El Salvador'","'San Ignacio'","'206d9400-65e7-4b1e-988d-bac3986a4786'","'670061f7-b065-49df-9835-d26f648992c6'"
"'El Salvador'","'San Rafael'","'ee66b319-93a3-44d7-a113-344635faa62f'","'670061f7-b065-49df-9835-d26f648992c6'"
"'El Salvador'","'Agua Caliente'","'655fae65-b984-464a-9b5e-2c3595e98078'","'670061f7-b065-49df-9835-d26f648992c6'"
"'El Salvador'","'Arcatao'","'6133784d-ea08-44a6-b00d-5006a01a0654'","'670061f7-b065-49df-9835-d26f648992c6'"
"'El Salvador'","'Azacualpa'","'10bb6a31-f711-425d-a7d1-3fa9a9b0f4a7'","'670061f7-b065-49df-9835-d26f648992c6'"
"'El Salvador'","'Chalatenango'","'e667164e-ccb0-4310-9598-850f6fd8961f'","'670061f7-b065-49df-9835-d26f648992c6'"
"'El Salvador'","'Citalá'","'bd4b7266-f0c9-4bda-b673-6492cd3ffcb0'","'670061f7-b065-49df-9835-d26f648992c6'"
"'El Salvador'","'Comalapa'","'303ed788-51f1-495e-bd93-a8327cdb01e0'","'670061f7-b065-49df-9835-d26f648992c6'"
"'El Salvador'","'Concepción Quezaltepeque'","'2e14738c-1962-44a8-aa6f-1768aaac8b3e'","'670061f7-b065-49df-9835-d26f648992c6'"
"'El Salvador'","'Dulce Nombre de María'","'0e471c64-3aef-45f8-a3f7-98942f3a3399'","'670061f7-b065-49df-9835-d26f648992c6'"
"'El Salvador'","'El Carrizal'","'78b54518-25d6-4e29-b205-2815b1eff4d6'","'670061f7-b065-49df-9835-d26f648992c6'"
"'El Salvador'","'Apaneca'","'ea1a321a-a73c-4254-b77d-9ccd619e77ae'","'678e6c56-2f19-4209-9555-63038f6dc54a'"
"'El Salvador'","'Turín'","'28df38a3-779a-4f62-a377-9f6a0316edbe'","'678e6c56-2f19-4209-9555-63038f6dc54a'"
"'El Salvador'","'Tacuba'","'8cb56798-83a4-49ef-9fb3-cf9f9a146994'","'678e6c56-2f19-4209-9555-63038f6dc54a'"
"'El Salvador'","'San Pedro Puxtla'","'12b351bf-50a7-4cd7-80b3-581ad7ea51d8'","'678e6c56-2f19-4209-9555-63038f6dc54a'"
"'El Salvador'","'San Lorenzo'","'b1c0c5ff-8430-4e95-b8fc-eb0f73ae3a07'","'678e6c56-2f19-4209-9555-63038f6dc54a'"
"'El Salvador'","'San Francisco Menéndez'","'9ff4316f-be0b-4117-a6db-019571926d99'","'678e6c56-2f19-4209-9555-63038f6dc54a'"
"'El Salvador'","'Jujutla'","'b400490f-e895-4dfb-8e6c-72a574222fec'","'678e6c56-2f19-4209-9555-63038f6dc54a'"
"'El Salvador'","'Guaymango'","'75829229-7c34-4dad-9f56-57934ddb69af'","'678e6c56-2f19-4209-9555-63038f6dc54a'"
"'El Salvador'","'El Refugio'","'65c1c98f-e753-4700-91fa-980744bf381e'","'678e6c56-2f19-4209-9555-63038f6dc54a'"
"'El Salvador'","'Concepción de Ataco'","'bc4d3dc4-4fe2-4407-80a0-51bf10c34051'","'678e6c56-2f19-4209-9555-63038f6dc54a'"
"'El Salvador'","'Atiquizaya'","'935c5802-e40d-4be8-96f9-39e4e390e4fd'","'678e6c56-2f19-4209-9555-63038f6dc54a'"
"'El Salvador'","'Ahuachapán'","'f3acbb01-5e96-425c-96ee-193d2daf8f9a'","'678e6c56-2f19-4209-9555-63038f6dc54a'"
"'El Salvador'","'Jucuarán'","'82df0b97-9741-4a29-aef0-40347fd6d481'","'6be2276e-4cef-4418-8844-9b66f12cbf6d'"
"'El Salvador'","'Mercedes Umaña'","'31235f8f-6dd6-422b-ae82-3a82feb611fa'","'6be2276e-4cef-4418-8844-9b66f12cbf6d'"
"'El Salvador'","'Nueva Granada'","'8089871c-f10f-4b77-adb6-cde39c77737c'","'6be2276e-4cef-4418-8844-9b66f12cbf6d'"
"'El Salvador'","'Tecapán'","'4b30c845-b2ea-4909-abc3-037e7d712c77'","'6be2276e-4cef-4418-8844-9b66f12cbf6d'"
"'El Salvador'","'Santiago de María'","'feaf14e7-6436-448b-85b7-a8439f2abd3f'","'6be2276e-4cef-4418-8844-9b66f12cbf6d'"
"'El Salvador'","'Santa María'","'4224e0e6-208a-40ee-9d2f-b20637580c12'","'6be2276e-4cef-4418-8844-9b66f12cbf6d'"
"'El Salvador'","'Santa Elena'","'3748624a-8c90-4b1b-85d5-19c2517b9dc9'","'6be2276e-4cef-4418-8844-9b66f12cbf6d'"
"'El Salvador'","'San Francisco Javier'","'aa8756f6-3b6f-4097-80d0-86093d3a13fc'","'6be2276e-4cef-4418-8844-9b66f12cbf6d'"
"'El Salvador'","'San Dionisio'","'cdcd3d1b-48b7-4e3e-9920-17c91c0a8bdd'","'6be2276e-4cef-4418-8844-9b66f12cbf6d'"
"'El Salvador'","'San Buenaventura'","'6c123a09-dd9b-4e9f-a535-1d6761358bff'","'6be2276e-4cef-4418-8844-9b66f12cbf6d'"
"'El Salvador'","'San Agustín'","'2b810cef-ec38-4f8b-b0a2-177b6491b90a'","'6be2276e-4cef-4418-8844-9b66f12cbf6d'"
"'El Salvador'","'Puerto El Triunfo'","'fffbe0e9-083a-489c-8174-69675962a182'","'6be2276e-4cef-4418-8844-9b66f12cbf6d'"
"'El Salvador'","'Ozatlán'","'5f5ecc41-f235-41be-a4c4-733934a94a5a'","'6be2276e-4cef-4418-8844-9b66f12cbf6d'"
"'El Salvador'","'Usulután'","'f8a2e87a-d44f-4f89-8e2f-c85e52627aaa'","'6be2276e-4cef-4418-8844-9b66f12cbf6d'"
"'El Salvador'","'Alegría'","'bfce061b-689c-44e4-99e9-e5bd2795f997'","'6be2276e-4cef-4418-8844-9b66f12cbf6d'"
"'El Salvador'","'Berlín'","'1be0316b-94aa-44c3-a474-7ed990d4d679'","'6be2276e-4cef-4418-8844-9b66f12cbf6d'"
"'El Salvador'","'California'","'3b56680a-5d79-440b-b117-7649e0507d6d'","'6be2276e-4cef-4418-8844-9b66f12cbf6d'"
"'El Salvador'","'Concepción Batres'","'1e36e7d9-50ab-4326-add1-e334337a2ac6'","'6be2276e-4cef-4418-8844-9b66f12cbf6d'"
"'El Salvador'","'El Triunfo'","'d7122d0b-cd1b-48b2-956e-616409d7989c'","'6be2276e-4cef-4418-8844-9b66f12cbf6d'"
"'El Salvador'","'Ereguayquín'","'34ef3a77-b0bb-4062-ab37-eda7d4561ac1'","'6be2276e-4cef-4418-8844-9b66f12cbf6d'"
"'El Salvador'","'Estanzuelas'","'5291ea52-35f1-4911-b1c9-248d8d1db884'","'6be2276e-4cef-4418-8844-9b66f12cbf6d'"
"'El Salvador'","'Jiquilisco'","'f5713ee7-a8b4-4996-a659-95e07d0775d0'","'6be2276e-4cef-4418-8844-9b66f12cbf6d'"
"'El Salvador'","'Jucuapa'","'4d94b8d7-29e8-4aca-ae6f-17e930c009da'","'6be2276e-4cef-4418-8844-9b66f12cbf6d'"
"'United States of America'","'Columbus'","'1285ea8f-cdd0-40a5-bbd0-1059c2ea18aa'","'6ff4a913-18af-4be8-8064-21e15742544f'"
"'United States of America'","'Omaha'","'491668b5-d5f0-429f-9a2b-d0407cdb7045'","'6ff4a913-18af-4be8-8064-21e15742544f'"
"'United States of America'","'Lincoln'","'58000764-6f6b-4bfb-88e9-7d6f002bf93c'","'6ff4a913-18af-4be8-8064-21e15742544f'"
"'United States of America'","'Bellevue'","'03d97f00-b7f0-46f5-931c-43832ef9f2b9'","'6ff4a913-18af-4be8-8064-21e15742544f'"
"'United States of America'","'Grand Island'","'e97f9a22-ca20-4ab1-9fec-534443a93ae3'","'6ff4a913-18af-4be8-8064-21e15742544f'"
"'United States of America'","'Kearney'","'ad2713f2-8158-4da6-afb5-c827766de6e4'","'6ff4a913-18af-4be8-8064-21e15742544f'"
"'United States of America'","'Fremont'","'18fd6753-2a10-43fc-885d-62d77ad4ec47'","'6ff4a913-18af-4be8-8064-21e15742544f'"
"'United States of America'","'Hastings'","'00a151e9-0f38-415f-9ed1-0e1c1fa18833'","'6ff4a913-18af-4be8-8064-21e15742544f'"
"'United States of America'","'North Platte'","'6e900f54-8531-455a-a334-1063f99ccee2'","'6ff4a913-18af-4be8-8064-21e15742544f'"
"'United States of America'","'Norfolk'","'5b5bbfe8-be30-49c2-8edf-95e05b75a934'","'6ff4a913-18af-4be8-8064-21e15742544f'"
"'El Salvador'","'Santa Catarina Masahuat'","'b91edb5f-9f4b-4805-a049-987b9fecbc9c'","'7adef446-fd26-4745-9199-bb3a2d60ecce'"
"'El Salvador'","'San Julián'","'991945d2-b60e-4f5f-8419-61f835c0ea11'","'7adef446-fd26-4745-9199-bb3a2d60ecce'"
"'El Salvador'","'San Antonio del Monte'","'18579b95-375b-4037-83ee-31f096417c81'","'7adef446-fd26-4745-9199-bb3a2d60ecce'"
"'El Salvador'","'Salcoatitán'","'65039af1-5c6a-43ed-8414-ec5b6416d2fd'","'7adef446-fd26-4745-9199-bb3a2d60ecce'"
"'El Salvador'","'Nahulingo'","'43342b94-6e09-4ea4-bf54-99f8a4e16eb4'","'7adef446-fd26-4745-9199-bb3a2d60ecce'"
"'El Salvador'","'Nahuizalco'","'dfe85a01-e135-48b2-ba38-e4dfc3dc4a3c'","'7adef446-fd26-4745-9199-bb3a2d60ecce'"
"'El Salvador'","'Cuisnahuat'","'3a47c524-26da-445b-be18-9b20a442286d'","'7adef446-fd26-4745-9199-bb3a2d60ecce'"
"'El Salvador'","'Izalco'","'8ec879f8-6f67-4e92-a858-b1d75d772d63'","'7adef446-fd26-4745-9199-bb3a2d60ecce'"
"'El Salvador'","'Juayúa'","'7a241438-a128-4a0b-af77-46ec7c1c24c4'","'7adef446-fd26-4745-9199-bb3a2d60ecce'"
"'El Salvador'","'Armenia'","'018771c8-e01b-43f8-bb31-d5ca35d47783'","'7adef446-fd26-4745-9199-bb3a2d60ecce'"
"'El Salvador'","'Acajutla'","'fc3dfc74-1d21-4d9b-8bb9-b502a221a3e8'","'7adef446-fd26-4745-9199-bb3a2d60ecce'"
"'El Salvador'","'Sonsonate'","'336e8e60-3609-4929-b758-f3762a742ecb'","'7adef446-fd26-4745-9199-bb3a2d60ecce'"
"'El Salvador'","'Caluco'","'1a5cb009-b07e-46ec-ad03-327b19c7d592'","'7adef446-fd26-4745-9199-bb3a2d60ecce'"
"'El Salvador'","'Sonzacate'","'e6b0c35e-a0cb-4595-9f6a-ebdbcf70ea50'","'7adef446-fd26-4745-9199-bb3a2d60ecce'"
"'El Salvador'","'Santo Domingo de Guzmán'","'5a250ee2-8928-428c-bdf2-fa0fc1eb87cb'","'7adef446-fd26-4745-9199-bb3a2d60ecce'"
"'El Salvador'","'Santa Isabel Ishuatán'","'0d2b40fb-dcfa-4ac7-a44a-8dea2a2866ef'","'7adef446-fd26-4745-9199-bb3a2d60ecce'"
"'United States of America'","'Shreveport'","'0999e7fd-aec9-470e-96db-4b09cf167f70'","'83357be0-908d-4bfc-a1fe-a6e3fead54f1'"
"'United States of America'","'Alexandria'","'6c9d31f3-1f06-40c8-a807-96172e4b66c1'","'83357be0-908d-4bfc-a1fe-a6e3fead54f1'"
"'United States of America'","'Monroe'","'ab1c2e39-9651-4c70-b3df-d81dacf51617'","'83357be0-908d-4bfc-a1fe-a6e3fead54f1'"
"'United States of America'","'Bossier City'","'d226d9cf-dbbd-4e17-ae17-5b66e478bfb2'","'83357be0-908d-4bfc-a1fe-a6e3fead54f1'"
"'United States of America'","'Kenner'","'8861a843-9a31-46a3-83b4-5bc1c608760d'","'83357be0-908d-4bfc-a1fe-a6e3fead54f1'"
"'United States of America'","'Lake Charles'","'3e5792a7-1c03-4033-8480-aca15270178d'","'83357be0-908d-4bfc-a1fe-a6e3fead54f1'"
"'United States of America'","'Lafayette'","'bb1ad979-ab10-4727-927f-8de2021dd51f'","'83357be0-908d-4bfc-a1fe-a6e3fead54f1'"
"'United States of America'","'Baton Rouge'","'abec2edb-53b0-45d1-bf4c-c3a475d44deb'","'83357be0-908d-4bfc-a1fe-a6e3fead54f1'"
"'United States of America'","'New Orleans'","'d10cfc3e-aa53-43a3-bc85-b6bbe5b639b9'","'83357be0-908d-4bfc-a1fe-a6e3fead54f1'"
"'United States of America'","'Houma'","'186e5bd3-3606-4d37-b4a4-8fe3b8037bd3'","'83357be0-908d-4bfc-a1fe-a6e3fead54f1'"
"'El Salvador'","'Delgado'","'b100ba56-5337-4604-8cd2-7d84baa8f01c'","'85410083-78cd-4b61-932a-610a02479737'"
"'El Salvador'","'Tonacatepeque'","'31b28153-2542-41a7-b42b-f44f5faa3c45'","'85410083-78cd-4b61-932a-610a02479737'"
"'El Salvador'","'El Paisnal'","'88bacdc4-913a-4d2c-b3bb-ae11804975b9'","'85410083-78cd-4b61-932a-610a02479737'"
"'El Salvador'","'San Marcos'","'0e8aba91-c120-4e4a-a469-4f209d78b446'","'85410083-78cd-4b61-932a-610a02479737'"
"'El Salvador'","'San Bartolomé Perulapía'","'17a1f62b-5c09-4f90-90f2-5b80568f0b5a'","'85410083-78cd-4b61-932a-610a02479737'"
"'El Salvador'","'Talnique'","'8c10f2ca-f639-4249-8ce2-119bb14f7b54'","'85410083-78cd-4b61-932a-610a02479737'"
"'El Salvador'","'Antiguo Cuscatlán'","'89babe1c-26c2-4e7d-8ee7-1a9520387124'","'85410083-78cd-4b61-932a-610a02479737'"
"'El Salvador'","'Ilopango'","'4acb5a65-888a-4ba1-916a-eb22380813c5'","'85410083-78cd-4b61-932a-610a02479737'"
"'El Salvador'","'Panchimalco'","'b6c97493-71fa-497d-8198-43cf50756b36'","'85410083-78cd-4b61-932a-610a02479737'"
"'El Salvador'","'San Salvador'","'d71e32a2-72e0-4794-b463-cdfb5e188455'","'85410083-78cd-4b61-932a-610a02479737'"
"'El Salvador'","'Rosario de Mora'","'3549fb84-0642-423e-bf06-513c169eee8a'","'85410083-78cd-4b61-932a-610a02479737'"
"'El Salvador'","'Apopa'","'54877bd7-b508-4b9d-b43c-ffe675adb7cf'","'85410083-78cd-4b61-932a-610a02479737'"
"'El Salvador'","'Mejicanos'","'6e27570e-b2d1-40d9-ae15-b5ea095de702'","'85410083-78cd-4b61-932a-610a02479737'"
"'El Salvador'","'Ciudad Delgado'","'bfe438fb-46e1-4779-8269-ea47d140c297'","'85410083-78cd-4b61-932a-610a02479737'"
"'El Salvador'","'Cuscatancingo'","'652950ca-32ef-4e4c-a94e-20a7e794a265'","'85410083-78cd-4b61-932a-610a02479737'"
"'El Salvador'","'Santo Tomás'","'16dca6e7-7434-4bbe-b667-f600902dcabe'","'85410083-78cd-4b61-932a-610a02479737'"
"'El Salvador'","'Santiago Texacuangos'","'cefbe188-7dcd-4e8b-b0ad-5446795524a2'","'85410083-78cd-4b61-932a-610a02479737'"
"'El Salvador'","'San Martín'","'33063d2b-0bce-4777-9247-b3d821785e6f'","'85410083-78cd-4b61-932a-610a02479737'"
"'El Salvador'","'Soyapango'","'eea40580-2fca-4a33-ad8b-958df6c9eb37'","'85410083-78cd-4b61-932a-610a02479737'"
"'United States of America'","'Westminster'","'d1fcf027-2665-4028-afbb-fb261acc8888'","'869a8e54-8db6-428f-8279-1807e83a99fa'"
"'United States of America'","'Denver'","'b135b547-774a-4a4d-82e6-d7d30617a204'","'869a8e54-8db6-428f-8279-1807e83a99fa'"
"'United States of America'","'Colorado Springs'","'898c3858-2dde-492a-937e-8257a8a408dd'","'869a8e54-8db6-428f-8279-1807e83a99fa'"
"'United States of America'","'Aurora'","'e0e3d883-01cf-4cfa-8d27-2c71aff2443e'","'869a8e54-8db6-428f-8279-1807e83a99fa'"
"'United States of America'","'Fort Collins'","'2e847e2d-b1d3-4604-b3b1-c0ed9be63296'","'869a8e54-8db6-428f-8279-1807e83a99fa'"
"'United States of America'","'Boulder'","'01e7da96-43b8-4f89-a861-59bf18818339'","'869a8e54-8db6-428f-8279-1807e83a99fa'"
"'United States of America'","'Lakewood'","'69c46c9b-1bee-4992-80db-be8f0974fa8f'","'869a8e54-8db6-428f-8279-1807e83a99fa'"
"'United States of America'","'Pueblo'","'9de0dfe2-c3a7-4649-b215-361a4f0a07c4'","'869a8e54-8db6-428f-8279-1807e83a99fa'"
"'United States of America'","'Arvada'","'c0e1cc15-abd5-4e45-afbe-f65f7b9de827'","'869a8e54-8db6-428f-8279-1807e83a99fa'"
"'United States of America'","'Centennial'","'77a210f7-03d3-43f1-804e-41bc5238b6e4'","'869a8e54-8db6-428f-8279-1807e83a99fa'"
"'United States of America'","'Blacksburg'","'a1b23b7a-7fbf-40ff-bdb8-addcd1ead9e1'","'87b864b2-3b0f-4899-b625-4849625fb6f8'"
"'United States of America'","'Virginia Beach'","'f836c05c-3fae-4fb8-9021-ea4b8e4645a1'","'87b864b2-3b0f-4899-b625-4849625fb6f8'"
"'United States of America'","'Newport News'","'2a1e87ba-b591-4e6b-a4c4-7058c5d8da70'","'87b864b2-3b0f-4899-b625-4849625fb6f8'"
"'United States of America'","'Richmond'","'06f62e79-4a46-4b3c-aba6-758f5b9fd268'","'87b864b2-3b0f-4899-b625-4849625fb6f8'"
"'United States of America'","'Chesapeake'","'8e86f90f-4958-4363-b729-938e6219c611'","'87b864b2-3b0f-4899-b625-4849625fb6f8'"
"'United States of America'","'Norfolk'","'1c80f8d9-8b78-4d5e-807a-4ed9438e1cdd'","'87b864b2-3b0f-4899-b625-4849625fb6f8'"
"'United States of America'","'Harrisonburg'","'7ad84222-dae7-4c16-b637-260269970f33'","'87b864b2-3b0f-4899-b625-4849625fb6f8'"
"'United States of America'","'Leesburg'","'83498d54-1e72-4f40-8417-70b94ca56614'","'87b864b2-3b0f-4899-b625-4849625fb6f8'"
"'United States of America'","'Charlottesville'","'00743e7c-05a5-489f-8213-d8e0bad9514f'","'87b864b2-3b0f-4899-b625-4849625fb6f8'"
"'United States of America'","'Alexandria'","'6686f35c-6fb9-469f-a98c-f298af07d9df'","'87b864b2-3b0f-4899-b625-4849625fb6f8'"
"'United States of America'","'Hampton'","'ffe1d2e1-d3e2-459d-8094-cdfabb0881ea'","'87b864b2-3b0f-4899-b625-4849625fb6f8'"
"'United States of America'","'Roanoke'","'9434fea5-73f1-4470-b8ae-05a3d2b820c6'","'87b864b2-3b0f-4899-b625-4849625fb6f8'"
"'United States of America'","'Portsmouth'","'c9e63959-a68f-46cd-812d-34fb172cc217'","'87b864b2-3b0f-4899-b625-4849625fb6f8'"
"'United States of America'","'Suffolk'","'94bb81fd-a50c-48ba-9c0c-b07b2bdf6dbd'","'87b864b2-3b0f-4899-b625-4849625fb6f8'"
"'United States of America'","'Lynchburg'","'eef434aa-f337-4952-aca0-5cbe5cbc8a9c'","'87b864b2-3b0f-4899-b625-4849625fb6f8'"
"'United States of America'","'Columbus'","'1ae75104-4773-4b8e-8800-515efb509874'","'87b9ee32-657d-45c2-a5f0-8e3b3d7da365'"
"'United States of America'","'Atlanta'","'6cbf75ae-6357-471b-9211-52029c279a14'","'87b9ee32-657d-45c2-a5f0-8e3b3d7da365'"
"'United States of America'","'Savannah'","'366eee08-371b-4519-9c69-85394251ba5b'","'87b9ee32-657d-45c2-a5f0-8e3b3d7da365'"
"'United States of America'","'Augusta'","'10555340-2e92-4d51-b88b-78181bd95412'","'87b9ee32-657d-45c2-a5f0-8e3b3d7da365'"
"'United States of America'","'Macon'","'6e2fc71a-5237-4653-a1e3-96216526876c'","'87b9ee32-657d-45c2-a5f0-8e3b3d7da365'"
"'United States of America'","'Athens'","'7e413926-2372-43bf-adc1-3046cce3a3e8'","'87b9ee32-657d-45c2-a5f0-8e3b3d7da365'"
"'United States of America'","'Houston'","'f9e541c5-32b6-4360-9128-348bb83e936e'","'8f8215eb-55dd-4880-b8ff-6606305f6fd4'"
"'United States of America'","'San Antonio'","'9a36b86f-7047-413f-b345-312d8f24b28d'","'8f8215eb-55dd-4880-b8ff-6606305f6fd4'"
"'United States of America'","'Dallas'","'fe60b51b-32bc-4a52-bdc1-428dc5a519c8'","'8f8215eb-55dd-4880-b8ff-6606305f6fd4'"
"'United States of America'","'Austin'","'75cff7e1-05ac-4259-aebc-52f4fba83154'","'8f8215eb-55dd-4880-b8ff-6606305f6fd4'"
"'United States of America'","'Fort Worth'","'1987f369-c059-43cf-ab80-3581821e841a'","'8f8215eb-55dd-4880-b8ff-6606305f6fd4'"
"'United States of America'","'El Paso'","'6ea102a7-7892-4f5b-93ca-ec073e2e0a5c'","'8f8215eb-55dd-4880-b8ff-6606305f6fd4'"
"'United States of America'","'Arlington'","'060af9d2-c140-4761-ab48-b882d47e1f4a'","'8f8215eb-55dd-4880-b8ff-6606305f6fd4'"
"'United States of America'","'Corpus Christi'","'60353750-a445-439d-a281-cbce76d2ba1c'","'8f8215eb-55dd-4880-b8ff-6606305f6fd4'"
"'United States of America'","'Plano'","'71db396e-acf6-46e5-96b7-63232931f09c'","'8f8215eb-55dd-4880-b8ff-6606305f6fd4'"
"'United States of America'","'Laredo'","'6a334055-591c-4edc-b356-626844ca132c'","'8f8215eb-55dd-4880-b8ff-6606305f6fd4'"
"'United States of America'","'Gulfport'","'3b1a0ccf-0cfa-4cc4-b4d8-52fbdef8f728'","'90e03dbf-7d05-4e3f-8a94-865923dcb08f'"
"'United States of America'","'Horn Lake'","'f3631963-6dc5-4694-b188-4f9407ad1f30'","'90e03dbf-7d05-4e3f-8a94-865923dcb08f'"
"'United States of America'","'Greenville'","'fdd545c6-7b2f-4fb1-b291-941c6484f193'","'90e03dbf-7d05-4e3f-8a94-865923dcb08f'"
"'United States of America'","'Olive Branch'","'c89e4fff-1e5a-4ac6-a291-5f56bbf5a15c'","'90e03dbf-7d05-4e3f-8a94-865923dcb08f'"
"'United States of America'","'Tupelo'","'a18b18a0-b0a9-4f10-844d-b30b431e1a89'","'90e03dbf-7d05-4e3f-8a94-865923dcb08f'"
"'United States of America'","'Hattiesburg'","'d96dc8e4-4f6f-4c8a-997b-d0c9b07475ce'","'90e03dbf-7d05-4e3f-8a94-865923dcb08f'"
"'United States of America'","'Southaven'","'a727f1ed-0860-4e9a-acd6-a97f5a957201'","'90e03dbf-7d05-4e3f-8a94-865923dcb08f'"
"'United States of America'","'Biloxi'","'8c36ef1b-4e4c-40b8-b536-5ad21a544c82'","'90e03dbf-7d05-4e3f-8a94-865923dcb08f'"
"'United States of America'","'Meridian'","'94d78178-8790-4806-9898-8f3155e1bd97'","'90e03dbf-7d05-4e3f-8a94-865923dcb08f'"
"'United States of America'","'Jackson'","'0da8b724-9f05-4011-ba0b-577a90ea908c'","'90e03dbf-7d05-4e3f-8a94-865923dcb08f'"
"'United States of America'","'Dickinson'","'8e2c917d-0d88-4e38-81bf-71f1963dbd6c'","'9f03a38f-0d36-4318-9b2a-431e9c152a3d'"
"'United States of America'","'Fargo'","'c7070f9f-27bd-4db0-b3fd-996c94b54693'","'9f03a38f-0d36-4318-9b2a-431e9c152a3d'"
"'United States of America'","'Bismarck'","'6a6e7c2d-a738-47d1-9009-5068d174de48'","'9f03a38f-0d36-4318-9b2a-431e9c152a3d'"
"'United States of America'","'Grand Forks'","'d5626cbb-0905-4b21-9a6f-78c50f8bfcbb'","'9f03a38f-0d36-4318-9b2a-431e9c152a3d'"
"'United States of America'","'Minot'","'7cc0b139-9032-44e2-9d1b-282fa765d269'","'9f03a38f-0d36-4318-9b2a-431e9c152a3d'"
"'United States of America'","'West Fargo'","'3b6203da-d630-4140-9d44-55c7f2431a6d'","'9f03a38f-0d36-4318-9b2a-431e9c152a3d'"
"'United States of America'","'Williston'","'8e81a4f4-b20c-4f2c-8982-7bfd8dc1f5a0'","'9f03a38f-0d36-4318-9b2a-431e9c152a3d'"
"'United States of America'","'Mandan'","'cd7ca424-f77d-4ec1-ab96-7768436828c8'","'9f03a38f-0d36-4318-9b2a-431e9c152a3d'"
"'United States of America'","'Jamestown'","'33c165ea-39f0-4f4d-a924-48c179dc64cd'","'9f03a38f-0d36-4318-9b2a-431e9c152a3d'"
"'United States of America'","'Wahpeton'","'a76e9388-1b8e-41d4-9ede-59e190dd4eb1'","'9f03a38f-0d36-4318-9b2a-431e9c152a3d'"
"'El Salvador'","'Ciudad Barrios'","'0a69b7a8-c3ed-414f-9fe4-66a2c1147af3'","'aa19901c-206b-443c-bea9-48dcd6d3b302'"
"'El Salvador'","'Moncagua'","'0a9f93ba-6660-4227-9dd6-a23ebb749d98'","'aa19901c-206b-443c-bea9-48dcd6d3b302'"
"'El Salvador'","'Nueva Guadalupe'","'3890282d-2f18-4ff8-9ab1-af33a18c1b19'","'aa19901c-206b-443c-bea9-48dcd6d3b302'"
"'El Salvador'","'Nuevo Edén de San Juan'","'6143f3a3-35aa-4fdb-8ab7-ea5b749f7925'","'aa19901c-206b-443c-bea9-48dcd6d3b302'"
"'El Salvador'","'Quelepa'","'fdd1d8ab-6db1-4da0-b50b-b752c0f3ac84'","'aa19901c-206b-443c-bea9-48dcd6d3b302'"
"'El Salvador'","'San Antonio del Mosco'","'ab122630-4f52-455c-86cb-569d3c053abe'","'aa19901c-206b-443c-bea9-48dcd6d3b302'"
"'El Salvador'","'San Gerardo'","'ee5730d7-08d1-4bbf-ba79-811d04e1cd97'","'aa19901c-206b-443c-bea9-48dcd6d3b302'"
"'El Salvador'","'San Jorge'","'8ccffcae-a93f-4049-a97b-a2c5b85a54b7'","'aa19901c-206b-443c-bea9-48dcd6d3b302'"
"'El Salvador'","'San Luis de la Reina'","'7bab7f2e-e727-479d-808d-b0f319b18c3b'","'aa19901c-206b-443c-bea9-48dcd6d3b302'"
"'El Salvador'","'San Rafael Oriente'","'5e6ca0a6-c545-43c8-938b-2475ff1a6158'","'aa19901c-206b-443c-bea9-48dcd6d3b302'"
"'El Salvador'","'Sesori'","'050fa884-6430-4ef6-a812-59b82b78be84'","'aa19901c-206b-443c-bea9-48dcd6d3b302'"
"'El Salvador'","'Uluazapa'","'36448bd7-9460-4b02-8f80-46d7715c32b4'","'aa19901c-206b-443c-bea9-48dcd6d3b302'"
"'El Salvador'","'Lolotique'","'9a3fa421-7704-432b-a52e-01043689003e'","'aa19901c-206b-443c-bea9-48dcd6d3b302'"
"'El Salvador'","'San Miguel'","'b9d9752b-0e60-443f-89fc-a8f779027ec3'","'aa19901c-206b-443c-bea9-48dcd6d3b302'"
"'El Salvador'","'Carolina'","'b5fad21c-910f-47f9-b4be-2636a00428c9'","'aa19901c-206b-443c-bea9-48dcd6d3b302'"
"'El Salvador'","'Chapeltique'","'cdb7c4f5-f5a0-43ca-ba7b-e040f852b1b4'","'aa19901c-206b-443c-bea9-48dcd6d3b302'"
"'El Salvador'","'Chinameca'","'699344ca-0c6c-4df7-bb37-1133551420c6'","'aa19901c-206b-443c-bea9-48dcd6d3b302'"
"'El Salvador'","'Chirilagua'","'956e2cf9-48e6-4dec-abcc-f7b8e6025627'","'aa19901c-206b-443c-bea9-48dcd6d3b302'"
"'El Salvador'","'El Tránsito'","'439b0ed7-83cf-455a-874e-d9f5d4fdc3f5'","'aa19901c-206b-443c-bea9-48dcd6d3b302'"
"'El Salvador'","'Comacarán'","'2b11713a-36c2-4fc1-94e1-ab82508351e9'","'aa19901c-206b-443c-bea9-48dcd6d3b302'"
"'United States of America'","'Nashua'","'0b6fa593-c235-4ec9-9bf7-20192d05555a'","'b02276ee-b257-4a67-9085-89e41854efe8'"
"'United States of America'","'Derry'","'e197aeb5-2b40-4563-9946-f0993b3b8113'","'b02276ee-b257-4a67-9085-89e41854efe8'"
"'United States of America'","'Londonderry'","'c7572cb0-69b1-4c6e-95a8-717e93b01402'","'b02276ee-b257-4a67-9085-89e41854efe8'"
"'United States of America'","'Hudson'","'125336a3-33ca-4c29-a02b-412080c64aa6'","'b02276ee-b257-4a67-9085-89e41854efe8'"
"'United States of America'","'Dover'","'bb1abf2a-ea45-4849-a8cf-0f826b0bd7d0'","'b02276ee-b257-4a67-9085-89e41854efe8'"
"'United States of America'","'Rochester'","'5e8c3c31-d81f-4d29-9e2e-0b0912df5537'","'b02276ee-b257-4a67-9085-89e41854efe8'"
"'United States of America'","'Salem'","'7f96f712-8bc2-4024-b99d-902675fe9012'","'b02276ee-b257-4a67-9085-89e41854efe8'"
"'United States of America'","'Merrimack'","'dc8d3ba6-efff-416e-af74-016a69b58788'","'b02276ee-b257-4a67-9085-89e41854efe8'"
"'United States of America'","'Manchester'","'36fb5502-6ccc-4251-b6e0-a9be7b97a834'","'b02276ee-b257-4a67-9085-89e41854efe8'"
"'United States of America'","'Concord'","'fd063a66-ba9b-4220-bfd8-170e2cac5cb1'","'b02276ee-b257-4a67-9085-89e41854efe8'"
"'United States of America'","'South Burlington'","'44172b63-cac0-40d6-94fb-625578c4fe1a'","'b2e105da-6c22-45c7-b47c-df21ff4368f4'"
"'United States of America'","'Rutland'","'7dbb6829-ae2c-4afa-b394-099cee02a685'","'b2e105da-6c22-45c7-b47c-df21ff4368f4'"
"'United States of America'","'Montpelier'","'4a3155b0-8aaf-4ef3-967c-da55ceaa6cc3'","'b2e105da-6c22-45c7-b47c-df21ff4368f4'"
"'United States of America'","'Burlington'","'0bf478d4-c6b9-4793-81bc-dfa939b6f9e7'","'b2e105da-6c22-45c7-b47c-df21ff4368f4'"
"'United States of America'","'Williston'","'46a733a5-6344-4f5f-b0b9-6737bfafcd79'","'b2e105da-6c22-45c7-b47c-df21ff4368f4'"
"'United States of America'","'Colchester'","'34e24e68-129e-4010-a49c-678372177121'","'b2e105da-6c22-45c7-b47c-df21ff4368f4'"
"'United States of America'","'Barre'","'af0e6102-04a1-48bc-86c6-5e58979c6922'","'b2e105da-6c22-45c7-b47c-df21ff4368f4'"
"'United States of America'","'Essex Junction'","'59b7f58a-898e-48e0-a596-bb6d9993229d'","'b2e105da-6c22-45c7-b47c-df21ff4368f4'"
"'United States of America'","'Brattleboro'","'0f5895c5-5de9-4ae7-9deb-0b5f5f2b9e74'","'b2e105da-6c22-45c7-b47c-df21ff4368f4'"
"'United States of America'","'Bennington'","'8b6b5fd1-a73b-4b70-aa2f-2e7b74e5e830'","'b2e105da-6c22-45c7-b47c-df21ff4368f4'"
"'United States of America'","'Las Vegas'","'61158b08-3171-41e6-b81e-e1b63699decb'","'b7f42751-d8de-431b-b942-f4c231466cfe'"
"'United States of America'","'Carson City'","'6262cf74-23ba-4b82-a3af-f9dde4fefc83'","'b7f42751-d8de-431b-b942-f4c231466cfe'"
"'United States of America'","'Reno'","'701497f3-677f-45e1-8870-77672dd5bf57'","'b7f42751-d8de-431b-b942-f4c231466cfe'"
"'United States of America'","'Henderson'","'cf68bbe1-067c-41a7-ab93-e790d799f562'","'b7f42751-d8de-431b-b942-f4c231466cfe'"
"'United States of America'","'North Las Vegas'","'adeb9ed7-8440-42ff-8e2e-1bf0de55745d'","'b7f42751-d8de-431b-b942-f4c231466cfe'"
"'United States of America'","'Sparks'","'50e8287c-0bc9-411b-9e42-23859f2b799b'","'b7f42751-d8de-431b-b942-f4c231466cfe'"
"'United States of America'","'Cambridge'","'8ea7ba0d-bc47-4ca2-97f5-1aced7389cc7'","'bc042027-4e4b-4421-8797-2e106dcb7a3f'"
"'United States of America'","'Springfield'","'100918fd-4f35-482f-bed2-86b3d46c5212'","'bc042027-4e4b-4421-8797-2e106dcb7a3f'"
"'United States of America'","'Worcester'","'0c06ec4d-dc2c-4ce4-8e61-79cf9db16197'","'bc042027-4e4b-4421-8797-2e106dcb7a3f'"
"'United States of America'","'Boston'","'5b0344b5-92c3-46ae-806e-a760f33e6302'","'bc042027-4e4b-4421-8797-2e106dcb7a3f'"
"'United States of America'","'Lynn'","'a850a40f-008d-48a0-8950-61477863ccde'","'bc042027-4e4b-4421-8797-2e106dcb7a3f'"
"'United States of America'","'Quincy'","'38386370-49e5-4460-aa0a-3e4ee3274673'","'bc042027-4e4b-4421-8797-2e106dcb7a3f'"
"'United States of America'","'Fall River'","'71e190ee-ab07-4923-863e-5c32b699448f'","'bc042027-4e4b-4421-8797-2e106dcb7a3f'"
"'United States of America'","'New Bedford'","'d90d63cb-023a-4195-83e8-6bdc9d35f844'","'bc042027-4e4b-4421-8797-2e106dcb7a3f'"
"'United States of America'","'Brockton'","'8d8bee67-c49f-46d8-8b9f-9acd4fa80725'","'bc042027-4e4b-4421-8797-2e106dcb7a3f'"
"'United States of America'","'Lowell'","'c525c112-356b-4f0e-9cd0-8af36c99b20b'","'bc042027-4e4b-4421-8797-2e106dcb7a3f'"
"'United States of America'","'Edison'","'3900a61c-c6b5-41ac-9a3b-ed8d99e6d402'","'c29f184d-6b8a-4b3e-930f-a6b93117787a'"
"'United States of America'","'Newark'","'a7d8ddc9-a140-4322-b503-1c94ee5b15e5'","'c29f184d-6b8a-4b3e-930f-a6b93117787a'"
"'United States of America'","'Trenton'","'49b125e8-9234-49cd-953b-888c2424bad5'","'c29f184d-6b8a-4b3e-930f-a6b93117787a'"
"'United States of America'","'Cherry Hill'","'0eb10e82-5d06-4daa-b180-d35635f5d2df'","'c29f184d-6b8a-4b3e-930f-a6b93117787a'"
"'United States of America'","'Camden'","'4ad521b2-14ed-4969-98eb-2d5ba7a4bc6b'","'c29f184d-6b8a-4b3e-930f-a6b93117787a'"
"'United States of America'","'Clifton'","'54ef334c-6c81-40ea-847e-9148ba9e6bce'","'c29f184d-6b8a-4b3e-930f-a6b93117787a'"
"'United States of America'","'Passaic'","'9342a433-4d50-4cd4-b31c-c366fb9fdc9c'","'c29f184d-6b8a-4b3e-930f-a6b93117787a'"
"'United States of America'","'Paterson'","'e3d2c1a0-7e51-42f1-ba29-b365caceeff1'","'c29f184d-6b8a-4b3e-930f-a6b93117787a'"
"'United States of America'","'Jersey City'","'1a1f0485-e7d4-4bb4-9a00-b76b5c59a189'","'c29f184d-6b8a-4b3e-930f-a6b93117787a'"
"'United States of America'","'Elizabeth'","'6e9cf9b1-69c1-4acb-bd99-2a9f3eae4ff4'","'c29f184d-6b8a-4b3e-930f-a6b93117787a'"
"'United States of America'","'Reading'","'2578e9ed-52af-4e52-9c3f-ae399802c5f3'","'c433d9b8-2100-4064-b152-2657f42dd697'"
"'United States of America'","'York'","'275d522e-b4cd-4493-8301-64cb9f44085b'","'c433d9b8-2100-4064-b152-2657f42dd697'"
"'United States of America'","'Harrisburg'","'bcbbbebd-648f-464a-bc56-ab6bdd91ca10'","'c433d9b8-2100-4064-b152-2657f42dd697'"
"'United States of America'","'Lancaster'","'96c14588-f8dd-4e81-870c-5b3a55bb87f4'","'c433d9b8-2100-4064-b152-2657f42dd697'"
"'United States of America'","'Bethlehem'","'139d58e3-1e82-413f-bf8a-bd18547f93b3'","'c433d9b8-2100-4064-b152-2657f42dd697'"
"'United States of America'","'Scranton'","'3d4a9753-8a15-4084-b1bc-7f0bf498d8fc'","'c433d9b8-2100-4064-b152-2657f42dd697'"
"'United States of America'","'Erie'","'c3d17bd4-98c1-477e-aef2-55ae43ee543e'","'c433d9b8-2100-4064-b152-2657f42dd697'"
"'United States of America'","'Allentown'","'c0f55099-59d3-43ff-be24-ee3d4d3c294e'","'c433d9b8-2100-4064-b152-2657f42dd697'"
"'United States of America'","'Pittsburgh'","'ae6ba7ee-f25d-4593-a68b-df8e9c90b16c'","'c433d9b8-2100-4064-b152-2657f42dd697'"
"'United States of America'","'Philadelphia'","'eb82f3ad-65d6-4763-ab14-3d6f07442522'","'c433d9b8-2100-4064-b152-2657f42dd697'"
"'United States of America'","'Elizabethtown'","'34d5a731-80e6-463e-993c-d5ae4c1f7d54'","'c4f79018-1c5c-4007-81ce-408232fc1489'"
"'United States of America'","'Paducah'","'f9366218-a954-4dfd-bc7d-76726c2477a1'","'c4f79018-1c5c-4007-81ce-408232fc1489'"
"'United States of America'","'Frankfort'","'881464da-8f7e-421a-bf34-b035d30d3698'","'c4f79018-1c5c-4007-81ce-408232fc1489'"
"'United States of America'","'Hopkinsville'","'b05d8ab4-d7a2-4b9a-8567-f4a2b4db1734'","'c4f79018-1c5c-4007-81ce-408232fc1489'"
"'United States of America'","'Covington'","'8d65638d-ca2e-4ccf-9890-cc7033fe6532'","'c4f79018-1c5c-4007-81ce-408232fc1489'"
"'United States of America'","'Owensboro'","'7c3575ee-686c-4b76-b120-aa805811a57b'","'c4f79018-1c5c-4007-81ce-408232fc1489'"
"'United States of America'","'Bowling Green'","'e173ea68-8725-436c-a15e-b7f17a4079b1'","'c4f79018-1c5c-4007-81ce-408232fc1489'"
"'United States of America'","'Lexington'","'9adc08e9-31db-492d-a8f9-5f4eb224826f'","'c4f79018-1c5c-4007-81ce-408232fc1489'"
"'United States of America'","'Louisville'","'4764dd63-98f6-4610-8264-80befb1c2a35'","'c4f79018-1c5c-4007-81ce-408232fc1489'"
"'United States of America'","'Ashland'","'6f8096e8-08fb-43bf-bd68-be62915ea46d'","'c4f79018-1c5c-4007-81ce-408232fc1489'"
"'El Salvador'","'Talnique'","'537e3eaf-688a-41f7-aade-383a51b5451e'","'cd1ddabb-f8a5-4914-8753-8f1b678f07aa'"
"'El Salvador'","'Colón'","'c7f1d707-6fed-42b5-8677-a1406be4cde4'","'cd1ddabb-f8a5-4914-8753-8f1b678f07aa'"
"'El Salvador'","'Tepecoyo'","'97d20205-f134-4891-90aa-4cf43c2f8a6a'","'cd1ddabb-f8a5-4914-8753-8f1b678f07aa'"
"'El Salvador'","'Nuevo Cuscatlán'","'54cf3f03-82aa-49d5-8457-74029d8216d4'","'cd1ddabb-f8a5-4914-8753-8f1b678f07aa'"
"'El Salvador'","'Antiguo Cuscatlán'","'d60743c7-70be-408f-8331-ae37f4e952a0'","'cd1ddabb-f8a5-4914-8753-8f1b678f07aa'"
"'El Salvador'","'Santa Tecla'","'25c369e7-e47a-42a3-9f29-ce6ae779c148'","'cd1ddabb-f8a5-4914-8753-8f1b678f07aa'"
"'El Salvador'","'San Matías'","'20599409-7669-4e15-9fd1-ffe9c3ad5689'","'cd1ddabb-f8a5-4914-8753-8f1b678f07aa'"
"'El Salvador'","'Quezaltepeque'","'77636a14-a33f-4e23-8a7d-b5260fcff1ba'","'cd1ddabb-f8a5-4914-8753-8f1b678f07aa'"
"'El Salvador'","'La Libertad'","'9a45fead-94b3-4b63-8b46-e113f4680a84'","'cd1ddabb-f8a5-4914-8753-8f1b678f07aa'"
"'El Salvador'","'Tamanique'","'c3654f1c-f14f-4550-9015-5c019e350d71'","'cd1ddabb-f8a5-4914-8753-8f1b678f07aa'"
"'El Salvador'","'Sacacoyo'","'1b288775-d5f9-441f-b047-75dcf53c24cc'","'cd1ddabb-f8a5-4914-8753-8f1b678f07aa'"
"'El Salvador'","'Jayaque'","'133f5fa7-3ba3-4767-850b-d7d84e048b6e'","'cd1ddabb-f8a5-4914-8753-8f1b678f07aa'"
"'El Salvador'","'San Juan Opico'","'98c058aa-d745-4052-9dc2-d826f725cd30'","'cd1ddabb-f8a5-4914-8753-8f1b678f07aa'"
"'El Salvador'","'Ciudad Arce'","'011d55d2-1594-4493-b125-bf61dcd5157d'","'cd1ddabb-f8a5-4914-8753-8f1b678f07aa'"
"'El Salvador'","'Teotepeque'","'d8fbf603-cd13-4a3a-9b12-d5492ab47379'","'cd1ddabb-f8a5-4914-8753-8f1b678f07aa'"
"'El Salvador'","'Comasagua'","'65f94744-65f7-4b34-82e6-b4a16df32370'","'cd1ddabb-f8a5-4914-8753-8f1b678f07aa'"
"'El Salvador'","'Huizúcar'","'fd811d69-c0fb-44c4-9daa-a39181697d77'","'cd1ddabb-f8a5-4914-8753-8f1b678f07aa'"
"'El Salvador'","'Zaragoza'","'8670d95f-fce9-49cc-93ba-25296f31820a'","'cd1ddabb-f8a5-4914-8753-8f1b678f07aa'"
"'El Salvador'","'Colon'","'cd588ac5-b9f4-42c3-9bba-fbe06283aa4a'","'cd1ddabb-f8a5-4914-8753-8f1b678f07aa'"
"'El Salvador'","'Ciudad Merliot'","'79979ddd-7387-498a-984e-abea39cd9fe7'","'cd1ddabb-f8a5-4914-8753-8f1b678f07aa'"
"'El Salvador'","'El Porvenir'","'4409ad08-9c87-4019-b11b-eeb8a5783474'","'cd1ddabb-f8a5-4914-8753-8f1b678f07aa'"
"'United States of America'","'East Providence'","'f438b4a1-3659-4ca5-8724-adfbb627ce28'","'d1531e34-ef95-4e3a-8322-2b61b5c324bb'"
"'United States of America'","'Woonsocket'","'cc39e0b4-7326-4bcf-8933-bbcfba8fda06'","'d1531e34-ef95-4e3a-8322-2b61b5c324bb'"
"'United States of America'","'Johnston'","'694b1933-cfa9-403d-a203-958346ffcc78'","'d1531e34-ef95-4e3a-8322-2b61b5c324bb'"
"'United States of America'","'Coventry'","'fe7e79e7-64c5-46fc-8084-eb4633141dde'","'d1531e34-ef95-4e3a-8322-2b61b5c324bb'"
"'United States of America'","'North Providence'","'99991b60-54fc-427d-8d21-e002a9c7e7cf'","'d1531e34-ef95-4e3a-8322-2b61b5c324bb'"
"'United States of America'","'West Warwick'","'f05a021f-121b-4f39-bf85-fe87978acb92'","'d1531e34-ef95-4e3a-8322-2b61b5c324bb'"
"'United States of America'","'Providence'","'9d3bd4d2-32c0-4e97-90b3-f5cfd171cef0'","'d1531e34-ef95-4e3a-8322-2b61b5c324bb'"
"'United States of America'","'Warwick'","'0ccf3fad-dd92-4065-95ff-43e15c86e313'","'d1531e34-ef95-4e3a-8322-2b61b5c324bb'"
"'United States of America'","'Cranston'","'cf643184-1e29-4ffa-8b62-898a7963c93f'","'d1531e34-ef95-4e3a-8322-2b61b5c324bb'"
"'United States of America'","'Pawtucket'","'ff5fb55e-38f3-4b12-969d-a5f8a268ed50'","'d1531e34-ef95-4e3a-8322-2b61b5c324bb'"
"'United States of America'","'North Charleston'","'4005eb79-1960-4831-a33b-c2429b9534f1'","'d375e7a1-eaab-420b-b034-a9dc5a1d6026'"
"'United States of America'","'Columbia'","'e2b0720c-699a-4f97-99fd-727d56f4133b'","'d375e7a1-eaab-420b-b034-a9dc5a1d6026'"
"'United States of America'","'Florence'","'3cc830a5-45fb-4fff-b5b6-ba1dab93fce9'","'d375e7a1-eaab-420b-b034-a9dc5a1d6026'"
"'United States of America'","'Hilton Head Island'","'4bf84b59-b421-4115-8eed-67a542abd39f'","'d375e7a1-eaab-420b-b034-a9dc5a1d6026'"
"'United States of America'","'Spartanburg'","'0cddd43d-7af0-4327-bc25-f95171ccfdbe'","'d375e7a1-eaab-420b-b034-a9dc5a1d6026'"
"'United States of America'","'Summerville'","'d25e2da0-985b-4699-bc6d-2bacef7584f9'","'d375e7a1-eaab-420b-b034-a9dc5a1d6026'"
"'United States of America'","'Greenville'","'797cc0f4-1438-47f8-aaa4-76972a4f46d0'","'d375e7a1-eaab-420b-b034-a9dc5a1d6026'"
"'United States of America'","'Rock Hill'","'79ef14f1-822c-4c7f-b0e0-1563201bb2d7'","'d375e7a1-eaab-420b-b034-a9dc5a1d6026'"
"'United States of America'","'Mount Pleasant'","'06e38064-4615-4857-bc37-22e0953a596f'","'d375e7a1-eaab-420b-b034-a9dc5a1d6026'"
"'United States of America'","'Charleston'","'32665092-89b8-492b-a590-3d63afe2cdc3'","'d375e7a1-eaab-420b-b034-a9dc5a1d6026'"
"'United States of America'","'Bloomington'","'22947625-1ae7-47e2-8fd2-24a0d8420526'","'d3c6359f-3e2f-4663-b3cd-e1cf11573df5'"
"'United States of America'","'Rochester'","'5cded046-337e-4af4-9450-e4dc4d4dcd4c'","'d3c6359f-3e2f-4663-b3cd-e1cf11573df5'"
"'United States of America'","'Saint Paul'","'c61d5429-ce90-48a1-98fa-f823945d0349'","'d3c6359f-3e2f-4663-b3cd-e1cf11573df5'"
"'United States of America'","'Eagan'","'bac816a5-9ffa-4da3-93ab-a7e543f9318c'","'d3c6359f-3e2f-4663-b3cd-e1cf11573df5'"
"'United States of America'","'Minneapolis'","'6ea9cc99-5050-47c9-adc8-27928a04f3cd'","'d3c6359f-3e2f-4663-b3cd-e1cf11573df5'"
"'United States of America'","'Saint Cloud'","'0349abf6-efa7-423c-8f67-e05499d15bee'","'d3c6359f-3e2f-4663-b3cd-e1cf11573df5'"
"'United States of America'","'Plymouth'","'8d6a2eef-4860-466b-a993-5efff25e21a3'","'d3c6359f-3e2f-4663-b3cd-e1cf11573df5'"
"'United States of America'","'Brooklyn Park'","'67320451-d5ca-4d19-a7cd-7fc6dfe720ce'","'d3c6359f-3e2f-4663-b3cd-e1cf11573df5'"
"'United States of America'","'Duluth'","'98ba3bd7-28f5-41d7-9b6c-3eee56b84ebf'","'d3c6359f-3e2f-4663-b3cd-e1cf11573df5'"
"'United States of America'","'Woodbury'","'2d919732-110e-44be-96c9-22375ea000b9'","'d3c6359f-3e2f-4663-b3cd-e1cf11573df5'"
"'United States of America'","'Bozeman'","'cdd60088-4f16-4305-ae28-fb76fae9ad76'","'d65e633f-f4be-4650-ad58-6caeb2f89607'"
"'United States of America'","'Butte'","'204da61a-6d2b-4060-8e12-e8e259bced2e'","'d65e633f-f4be-4650-ad58-6caeb2f89607'"
"'United States of America'","'Helena'","'8455afb2-5462-421e-8cc1-1d6606a8e7b1'","'d65e633f-f4be-4650-ad58-6caeb2f89607'"
"'United States of America'","'Billings'","'c1354a67-578f-42bc-827d-1ffbf24388c1'","'d65e633f-f4be-4650-ad58-6caeb2f89607'"
"'United States of America'","'Missoula'","'9e8cda18-21a3-4c78-8255-9dd84c9318d2'","'d65e633f-f4be-4650-ad58-6caeb2f89607'"
"'United States of America'","'Great Falls'","'1a788b21-d122-490d-a90e-86f8e4dc32f5'","'d65e633f-f4be-4650-ad58-6caeb2f89607'"
"'United States of America'","'Hillsboro'","'9fffc6ba-91c4-44a0-abf6-72a9299a8009'","'dd423325-19c1-4829-9328-4ad2ed2dcf37'"
"'United States of America'","'Gresham'","'8d14a0f5-b08a-49bd-a6ea-21d9545f550e'","'dd423325-19c1-4829-9328-4ad2ed2dcf37'"
"'United States of America'","'Salem'","'9d696ea1-8d6e-4058-ab23-88b3a1f89c1c'","'dd423325-19c1-4829-9328-4ad2ed2dcf37'"
"'United States of America'","'Eugene'","'5508ec7b-4414-4dcf-aa8f-d135b1490c33'","'dd423325-19c1-4829-9328-4ad2ed2dcf37'"
"'United States of America'","'Portland'","'ac41cb4a-db0a-450a-8e9f-c966c0b8ab85'","'dd423325-19c1-4829-9328-4ad2ed2dcf37'"
"'United States of America'","'Corvallis'","'07ded5ba-8e49-49c1-a1d2-102354e75a03'","'dd423325-19c1-4829-9328-4ad2ed2dcf37'"
"'United States of America'","'Springfield'","'8d6f7c4d-4508-417a-b761-159f2d4e5b73'","'dd423325-19c1-4829-9328-4ad2ed2dcf37'"
"'United States of America'","'Medford'","'ddf2cc8d-59e1-46b0-b2eb-f2f1b6297287'","'dd423325-19c1-4829-9328-4ad2ed2dcf37'"
"'United States of America'","'Bend'","'bc04f317-b822-4e42-8695-00eb847d59c8'","'dd423325-19c1-4829-9328-4ad2ed2dcf37'"
"'United States of America'","'Beaverton'","'1abfb177-e9a6-4603-bf59-7bc94690eeb7'","'dd423325-19c1-4829-9328-4ad2ed2dcf37'"
"'United States of America'","'Stamford'","'4017c340-9eca-45bb-8fbc-1faeac4fcaee'","'dd8c3dcb-2157-409b-b134-59d1b9f85396'"
"'United States of America'","'Hartford'","'adeec2dd-b5c0-4c1e-a769-f7c522f49e24'","'dd8c3dcb-2157-409b-b134-59d1b9f85396'"
"'United States of America'","'New Haven'","'3577a1cc-b16b-4a55-ba13-6cb6c356d23f'","'dd8c3dcb-2157-409b-b134-59d1b9f85396'"
"'United States of America'","'Bridgeport'","'ea3896a1-96a7-4ed7-8b95-cab362b04012'","'dd8c3dcb-2157-409b-b134-59d1b9f85396'"
"'United States of America'","'Waterbury'","'6f9ca2e4-189c-4a6f-82d4-5c9d347b520f'","'dd8c3dcb-2157-409b-b134-59d1b9f85396'"
"'El Salvador'","'Lolotique'","'3294af9d-43bb-4c23-a58c-bb901eb88dd0'","'e57e7594-d699-483a-8edb-9125ae07cee4'"
"'El Salvador'","'Jocoaitique'","'793bb86f-6dce-42a3-8f60-a134f0e1b737'","'e57e7594-d699-483a-8edb-9125ae07cee4'"
"'El Salvador'","'Joateca'","'8079c4c9-8ac2-4726-b86d-ff17ef47ee0e'","'e57e7594-d699-483a-8edb-9125ae07cee4'"
"'El Salvador'","'Arambala'","'6ad2034a-3618-46e2-8cb3-f134c6c675ee'","'e57e7594-d699-483a-8edb-9125ae07cee4'"
"'El Salvador'","'Cacaopera'","'11146a99-42e3-4c83-b92f-af236bce9d4d'","'e57e7594-d699-483a-8edb-9125ae07cee4'"
"'El Salvador'","'Chilanga'","'7a2cbe81-c6c9-4fac-be52-315d371c5851'","'e57e7594-d699-483a-8edb-9125ae07cee4'"
"'El Salvador'","'Corinto'","'ef5c2057-ee29-4b52-b279-2cee12e9704a'","'e57e7594-d699-483a-8edb-9125ae07cee4'"
"'El Salvador'","'Delicias de Concepción'","'7cc0a592-1594-4c61-af12-b914324312c7'","'e57e7594-d699-483a-8edb-9125ae07cee4'"
"'El Salvador'","'El Divisadero'","'462aa7b2-a61f-41ad-b46a-669862fe03e9'","'e57e7594-d699-483a-8edb-9125ae07cee4'"
"'El Salvador'","'Gualococti'","'3880192a-c19b-4a3c-af5a-4ac7c93fc75f'","'e57e7594-d699-483a-8edb-9125ae07cee4'"
"'El Salvador'","'Guatajiagua'","'74ad4414-a5a1-4c3b-b240-96fc2ca0129b'","'e57e7594-d699-483a-8edb-9125ae07cee4'"
"'El Salvador'","'Yoloaiquín'","'ca63d9ee-3a8b-418f-9ab2-e8d00dc6a068'","'e57e7594-d699-483a-8edb-9125ae07cee4'"
"'El Salvador'","'Yamabal'","'3eaac93a-b479-4c56-a1ee-076daed00853'","'e57e7594-d699-483a-8edb-9125ae07cee4'"
"'El Salvador'","'Torola'","'c0d79c16-0cdd-463c-b112-15848b04c954'","'e57e7594-d699-483a-8edb-9125ae07cee4'"
"'El Salvador'","'Sociedad'","'698b29a6-3ac5-4992-9766-7cdc9ef956a6'","'e57e7594-d699-483a-8edb-9125ae07cee4'"
"'El Salvador'","'Sensembra'","'15cf7985-6850-4849-9bc3-e6707381eb80'","'e57e7594-d699-483a-8edb-9125ae07cee4'"
"'El Salvador'","'San Simón'","'37623793-e5c2-4c4d-9127-54ff5223d0ec'","'e57e7594-d699-483a-8edb-9125ae07cee4'"
"'El Salvador'","'San Isidro'","'34a17774-c355-4097-83e4-3c6078cd6231'","'e57e7594-d699-483a-8edb-9125ae07cee4'"
"'El Salvador'","'San Francisco Gotera'","'00af8bd4-e175-4a80-adcb-1ca84dafb615'","'e57e7594-d699-483a-8edb-9125ae07cee4'"
"'El Salvador'","'San Fernando'","'afb31c9f-7bb4-4eb8-a4ef-825ef6e83aca'","'e57e7594-d699-483a-8edb-9125ae07cee4'"
"'El Salvador'","'San Carlos'","'72db673a-f88e-43a4-9522-daec516ed0c4'","'e57e7594-d699-483a-8edb-9125ae07cee4'"
"'El Salvador'","'Perquín'","'e576fdd5-f128-42a4-afda-027941a4eccb'","'e57e7594-d699-483a-8edb-9125ae07cee4'"
"'El Salvador'","'Osicala'","'de7e8e1a-2a94-4b15-a100-cdfebd595a51'","'e57e7594-d699-483a-8edb-9125ae07cee4'"
"'El Salvador'","'Meanguera'","'8da803c1-70af-4d56-9f9e-95668c9248d9'","'e57e7594-d699-483a-8edb-9125ae07cee4'"
"'El Salvador'","'Jocoro'","'155a843d-2f9e-48b0-976d-456f6d963de3'","'e57e7594-d699-483a-8edb-9125ae07cee4'"
"'El Salvador'","'El Rosario'","'1bd8d6f1-1d32-40b1-8e49-2095c6fd416a'","'e57e7594-d699-483a-8edb-9125ae07cee4'"
"'United States of America'","'Dayton'","'45afe846-85c6-4f9e-b54a-d4678d0d6682'","'e77420e3-deae-4e4f-9689-22743c4c5176'"
"'United States of America'","'Columbus'","'4be0f781-cbbc-41ce-84e6-fcdfd5df36fb'","'e77420e3-deae-4e4f-9689-22743c4c5176'"
"'United States of America'","'Cleveland'","'40fa3361-6713-4ac7-be8a-c8e4adf66098'","'e77420e3-deae-4e4f-9689-22743c4c5176'"
"'United States of America'","'Cincinnati'","'df4a0409-abc3-478e-8b97-f50d6c415c38'","'e77420e3-deae-4e4f-9689-22743c4c5176'"
"'United States of America'","'Toledo'","'2aa49f31-a254-4ffe-b10f-87496a0268e4'","'e77420e3-deae-4e4f-9689-22743c4c5176'"
"'United States of America'","'Akron'","'16a12db6-c044-4571-a7ff-13a94cdb7c6a'","'e77420e3-deae-4e4f-9689-22743c4c5176'"
"'United States of America'","'Saco'","'d910b341-3b44-42f2-93f7-407f9a36bd53'","'e7b4db32-d334-4e3b-ac78-cc6d5c296d95'"
"'United States of America'","'Biddeford'","'bae92662-8fe9-4cde-bef7-af3b68b8fbe9'","'e7b4db32-d334-4e3b-ac78-cc6d5c296d95'"
"'United States of America'","'Sanford'","'8940e334-2a55-4eb4-ae0f-998c1fd9c752'","'e7b4db32-d334-4e3b-ac78-cc6d5c296d95'"
"'United States of America'","'Auburn'","'c4cdabaa-9224-4d6b-8db6-d0298a1c2f85'","'e7b4db32-d334-4e3b-ac78-cc6d5c296d95'"
"'United States of America'","'Augusta'","'518b7287-960b-4913-bd0c-f24af0b1953c'","'e7b4db32-d334-4e3b-ac78-cc6d5c296d95'"
"'United States of America'","'South Portland'","'63bc54d7-7324-4ac3-9193-5c2bbd10ef6a'","'e7b4db32-d334-4e3b-ac78-cc6d5c296d95'"
"'United States of America'","'Bangor'","'f4394c85-bb1a-46c3-a6e8-956ccff9b31c'","'e7b4db32-d334-4e3b-ac78-cc6d5c296d95'"
"'United States of America'","'Lewiston'","'d1d5ad2f-6608-418d-bfff-aee1a200a582'","'e7b4db32-d334-4e3b-ac78-cc6d5c296d95'"
"'United States of America'","'Portland'","'36a689c7-b826-4b73-8a14-10b0f84583cd'","'e7b4db32-d334-4e3b-ac78-cc6d5c296d95'"
"'United States of America'","'Scarborough'","'3b682c32-4499-45c0-b2fd-1ce7169890f9'","'e7b4db32-d334-4e3b-ac78-cc6d5c296d95'"
"'El Salvador'","'San Pedro Masahuat'","'05a2b91e-0bd1-45bb-8706-41973b5e70a9'","'eebe5896-e3d9-4d13-a1b9-3ad5ed735600'"
"'El Salvador'","'San Pedro Masahuat'","'a5a3eab2-60ae-42fe-9e03-9bd3af823931'","'eebe5896-e3d9-4d13-a1b9-3ad5ed735600'"
"'El Salvador'","'Zacatecoluca'","'f39d596f-59df-4243-8076-4641029b9ec1'","'eebe5896-e3d9-4d13-a1b9-3ad5ed735600'"
"'El Salvador'","'San Pedro Nonualco'","'8b3e7cc6-7b6b-48d0-acea-a78d3dc7faa5'","'eebe5896-e3d9-4d13-a1b9-3ad5ed735600'"
"'El Salvador'","'San Pedro Masahuat'","'29ebe564-13d8-40b7-bc58-63ddc1c39004'","'eebe5896-e3d9-4d13-a1b9-3ad5ed735600'"
"'El Salvador'","'San Francisco Chinameca'","'2f50b454-5fc5-40b2-b070-ae65fcae15f7'","'eebe5896-e3d9-4d13-a1b9-3ad5ed735600'"
"'El Salvador'","'San Emigdio'","'5b1c1d1d-5bef-4d8d-83fa-0df868530e90'","'eebe5896-e3d9-4d13-a1b9-3ad5ed735600'"
"'El Salvador'","'Paraíso de Osorio'","'ebec66b3-cdd9-4034-9d9b-59cadffbe98d'","'eebe5896-e3d9-4d13-a1b9-3ad5ed735600'"
"'El Salvador'","'Mercedes La Ceiba'","'1ad9e474-de28-43bf-9f11-eb7eb9495884'","'eebe5896-e3d9-4d13-a1b9-3ad5ed735600'"
"'El Salvador'","'Olocuilta'","'59790783-87c3-443d-ba3b-cd471424d77a'","'eebe5896-e3d9-4d13-a1b9-3ad5ed735600'"
"'El Salvador'","'Tapalhuaca'","'efff25e9-b409-4dbf-80d8-17d7e5fca939'","'eebe5896-e3d9-4d13-a1b9-3ad5ed735600'"
"'El Salvador'","'Santiago Nonualco'","'f25e91de-0287-4ff2-b44f-19cc7d3a12e5'","'eebe5896-e3d9-4d13-a1b9-3ad5ed735600'"
"'El Salvador'","'Santa María Ostuma'","'8cee3865-6d3c-4240-bfc5-f0dc33729a5e'","'eebe5896-e3d9-4d13-a1b9-3ad5ed735600'"
"'El Salvador'","'San Pedro Nonualco'","'3aa832c7-b138-4d35-ac1e-ee479375f4b8'","'eebe5896-e3d9-4d13-a1b9-3ad5ed735600'"
"'El Salvador'","'San Pablo Tacachico'","'3fd0d3b9-c9c5-4137-9414-bf3a23fc56f8'","'eebe5896-e3d9-4d13-a1b9-3ad5ed735600'"
"'El Salvador'","'San Miguel Tepezontes'","'fd9eb067-308e-4dbb-a4e6-70d5196affe3'","'eebe5896-e3d9-4d13-a1b9-3ad5ed735600'"
"'El Salvador'","'San Luis Talpa'","'e804e3ab-dff5-455c-8c4e-2ea65203fe7f'","'eebe5896-e3d9-4d13-a1b9-3ad5ed735600'"
"'El Salvador'","'San Luis La Herradura'","'f655d75b-e693-4072-baab-7eeca0470a77'","'eebe5896-e3d9-4d13-a1b9-3ad5ed735600'"
"'El Salvador'","'San Juan Tepezontes'","'9d9f5cde-4c93-48fa-8edc-5b0022ed5cd5'","'eebe5896-e3d9-4d13-a1b9-3ad5ed735600'"
"'El Salvador'","'San Juan Talpa'","'9b42677b-2542-4cff-a266-9aafc8029a8e'","'eebe5896-e3d9-4d13-a1b9-3ad5ed735600'"
"'El Salvador'","'San Juan Nonualco'","'6b1aa64a-1f43-40ad-a5ed-9a9a1b67a525'","'eebe5896-e3d9-4d13-a1b9-3ad5ed735600'"
"'El Salvador'","'San Rafael Obrajuelo'","'2d700922-daf8-46c1-b37a-a13d40eaac25'","'eebe5896-e3d9-4d13-a1b9-3ad5ed735600'"
"'United States of America'","'Sitka'","'3c2c2f3d-2576-45cb-9212-bfabe7d5a6c5'","'ef6d1023-cac1-44c3-ab24-28c71a39df4d'"
"'United States of America'","'Anchorage'","'70d2738f-f335-4dad-b27e-a39a85ffe5dd'","'ef6d1023-cac1-44c3-ab24-28c71a39df4d'"
"'United States of America'","'Fairbanks'","'c3954a42-8bd8-43e2-aa87-280d986c9a08'","'ef6d1023-cac1-44c3-ab24-28c71a39df4d'"
"'United States of America'","'Juneau'","'d3fb74af-b161-47df-a513-a8923c974903'","'ef6d1023-cac1-44c3-ab24-28c71a39df4d'"
"'United States of America'","'Ketchikan'","'20df87be-557a-4a06-a8d4-2431481e57db'","'ef6d1023-cac1-44c3-ab24-28c71a39df4d'"
"'United States of America'","'Springfield'","'18ca65df-c672-4791-a264-78939a68cae0'","'f832c0a0-ffca-4f28-b4c2-d63b94b1bdac'"
"'United States of America'","'St. Louis'","'b868d87e-65c4-4e04-bdca-6c6cd3f39c03'","'f832c0a0-ffca-4f28-b4c2-d63b94b1bdac'"
"'United States of America'","'Kansas City'","'b9165ccd-28dd-4515-bfec-373f53dcde68'","'f832c0a0-ffca-4f28-b4c2-d63b94b1bdac'"
"'United States of America'","'Blue Springs'","'a694f98e-9aee-41dd-8930-48d23699be0b'","'f832c0a0-ffca-4f28-b4c2-d63b94b1bdac'"
"'United States of America'","'St. Charles'","'21aea4df-fe69-4fc2-a6bb-729a79e10e59'","'f832c0a0-ffca-4f28-b4c2-d63b94b1bdac'"
"'United States of America'","'Independence'","'3cc98201-12d1-476b-a946-6d5ef038de01'","'f832c0a0-ffca-4f28-b4c2-d63b94b1bdac'"
"'United States of America'","'St. Joseph'","'b1221953-2aef-42c9-b6b8-2ba42edfaf5a'","'f832c0a0-ffca-4f28-b4c2-d63b94b1bdac'"
"'United States of America'","'O'Fallon'","'256a7a91-127f-4c5d-ab2d-afc4ab3c3132'","'f832c0a0-ffca-4f28-b4c2-d63b94b1bdac'"
"'United States of America'","'Lee's Summit'","'9f031b54-e3b1-41a3-9466-c4b4a6afa7fa'","'f832c0a0-ffca-4f28-b4c2-d63b94b1bdac'"
"'United States of America'","'Columbia'","'9a489325-fa08-4590-835b-edc3b3bf4995'","'f832c0a0-ffca-4f28-b4c2-d63b94b1bdac'"
"'United States of America'","'Broken Arrow'","'6224c178-0126-488e-8438-9c4ad9b6a07c'","'f9fad77e-0fd1-41b6-bc58-c9b7ba52e80e'"
"'United States of America'","'Lawton'","'2a3935df-7820-4692-96fd-0fe5aa9e6a6e'","'f9fad77e-0fd1-41b6-bc58-c9b7ba52e80e'"
"'United States of America'","'Edmond'","'894ff1ed-8063-4bc7-b2c4-9610fb0d2210'","'f9fad77e-0fd1-41b6-bc58-c9b7ba52e80e'"
"'United States of America'","'Moore'","'79b5e862-beb4-43cf-a604-2fcff8532e50'","'f9fad77e-0fd1-41b6-bc58-c9b7ba52e80e'"
"'United States of America'","'Midwest City'","'8c22d4c2-1309-41eb-9f1c-da1ab369e39e'","'f9fad77e-0fd1-41b6-bc58-c9b7ba52e80e'"
"'United States of America'","'Enid'","'d764b790-5eb8-456c-8312-b7ab1b2d2231'","'f9fad77e-0fd1-41b6-bc58-c9b7ba52e80e'"
"'United States of America'","'Stillwater'","'0da397dc-31f0-4a2f-a09f-dcae99b2b82a'","'f9fad77e-0fd1-41b6-bc58-c9b7ba52e80e'"
"'United States of America'","'Norman'","'d321d6d0-1f85-4ebf-a4d5-bb88936d83fe'","'f9fad77e-0fd1-41b6-bc58-c9b7ba52e80e'"
"'United States of America'","'Tulsa'","'172086ec-e908-4486-91a9-ba5a30b974e6'","'f9fad77e-0fd1-41b6-bc58-c9b7ba52e80e'"
"'United States of America'","'Oklahoma City'","'e4fb1e96-592c-4d0d-b3db-7f9e17863b5e'","'f9fad77e-0fd1-41b6-bc58-c9b7ba52e80e'"
"'United States of America'","'Renton'","'6d4224f4-21e1-49ef-856b-3f0f0690836f'","'fb170324-80a3-4ddd-ad0f-1a04cdb94622'"
"'United States of America'","'Everett'","'7fb53561-b74b-4550-9107-a206773f30b6'","'fb170324-80a3-4ddd-ad0f-1a04cdb94622'"
"'United States of America'","'Federal Way'","'80a77396-1055-4477-b32e-e2d770d19da1'","'fb170324-80a3-4ddd-ad0f-1a04cdb94622'"
"'United States of America'","'Kent'","'a88bde49-cb66-4b28-a60f-dfe604f1e69b'","'fb170324-80a3-4ddd-ad0f-1a04cdb94622'"
"'United States of America'","'Yakima'","'b4c050ed-e0f5-4aa9-b640-537de9f9634f'","'fb170324-80a3-4ddd-ad0f-1a04cdb94622'"
"'United States of America'","'Seattle'","'08791472-e728-45c3-83e9-a8b3831681bf'","'fb170324-80a3-4ddd-ad0f-1a04cdb94622'"
"'United States of America'","'Spokane'","'9bfabea9-25d1-4366-8ce9-6a0126e901ac'","'fb170324-80a3-4ddd-ad0f-1a04cdb94622'"
"'United States of America'","'Tacoma'","'e285d652-e0ca-4f55-b8c1-bcfdbcaa28f4'","'fb170324-80a3-4ddd-ad0f-1a04cdb94622'"
"'United States of America'","'Vancouver'","'c0773cf3-b78c-45d0-8665-901f86d18e81'","'fb170324-80a3-4ddd-ad0f-1a04cdb94622'"
"'United States of America'","'Bellevue'","'ec55c14a-0565-479c-9e50-74d31e07a22c'","'fb170324-80a3-4ddd-ad0f-1a04cdb94622'"